type,title,original_title,year,seasons,runtime_min,genres,imdb_score,imdb_votes,imdb_id,tmdb_id,justwatch_id,imdb_url
Movie,15 Minutes of Shame,15 Minutes of Shame,2021,,85,Documentary,6.8,1114,tt11188206,641363,tm1104297,https://www.imdb.com/title/tt11188206/
Movie,33 Photos from the Ghetto,33 Photos from the Ghetto,2026,,75,Documentary; History; War & Military,6.7,327,tt39261166,1462871,tm1938874,https://www.imdb.com/title/tt39261166/
Movie,38 at the Garden,38 at the Garden,2022,,38,Documentary; Sport,7,1233,tt19758560,967183,tm1200050,https://www.imdb.com/title/tt19758560/
Movie,5 American Handguns - 5 American Kids,5 American Handguns - 5 American Kids,1995,,60,Documentary,6.4,195,tt0112261,288127,tm313882,https://www.imdb.com/title/tt0112261/
Movie,537 Votes,537 Votes,2020,,109,Documentary,7.2,993,tt13128292,748911,tm939190,https://www.imdb.com/title/tt13128292/
Movie,7 Days in Hell,7 Days in Hell,2015,,43,Comedy; Sport,7.1,21946,tt3895884,287689,tm201352,https://www.imdb.com/title/tt3895884/
Movie,8-Bit Christmas,8-Bit Christmas,2021,,97,Comedy; Kids & Family,6.7,25582,tt11540284,802217,tm1048591,https://www.imdb.com/title/tt11540284/
Movie,A Dangerous Son,A Dangerous Son,2018,,90,Documentary,6.7,1547,tt8294204,522773,tm413425,https://www.imdb.com/title/tt8294204/
Movie,A Dog Year,A Dog Year,2009,,80,Comedy; Drama,6,4159,tt0808232,41496,tm130746,https://www.imdb.com/title/tt0808232/
Movie,A Girl in the River: The Price of Forgiveness,A Girl in the River: The Price of Forgiveness,2015,,40,Documentary; Drama,7.8,2164,tt5144072,369364,tm233992,https://www.imdb.com/title/tt5144072/
Movie,A Revolution on Canvas,A Revolution on Canvas,2023,,95,Documentary; Mystery & Thriller,7.3,135,tt27549854,1115125,tm1343320,https://www.imdb.com/title/tt27549854/
Movie,A Tree of Life: The Pittsburgh Synagogue Shooting,A Tree of Life: The Pittsburgh Synagogue Shooting,2022,,85,Documentary,6.5,311,tt20417166,1034809,tm1119338,https://www.imdb.com/title/tt20417166/
Movie,Adrienne,Adrienne,2021,,98,Documentary; Drama,7.4,1098,tt15721032,887171,tm1116102,https://www.imdb.com/title/tt15721032/
Movie,Adult Swim's The Elephant,Adult Swim's The Elephant,2025,,23,Animation; Drama; Science-Fiction,7.6,693,tt39088896,1497017,tm1914516,https://www.imdb.com/title/tt39088896/
Movie,Adventure Time: Diamonds & Lemons,Adventure Time: Diamonds & Lemons,2018,,11,Action & Adventure; Animation; Comedy,,,,1182709,tm1407062,
Movie,After the Bite,After the Bite,2023,,88,Documentary,6.1,505,tt14746834,1123113,tm1337696,https://www.imdb.com/title/tt14746834/
Movie,After Truth: Disinformation and the Cost of Fake News,After Truth: Disinformation and the Cost of Fake News,2020,,95,Documentary,7,2067,tt11615038,680438,tm858486,https://www.imdb.com/title/tt11615038/
Movie,aka Mr. Chow,aka Mr. Chow,2023,,90,Documentary,6.8,333,tt28805537,1165485,tm1380228,https://www.imdb.com/title/tt28805537/
Movie,Alabama Snake,Alabama Snake,2020,,85,Crime; Documentary,5.5,879,tt12837230,766238,tm963365,https://www.imdb.com/title/tt12837230/
Movie,Albert Brooks: Defending My Life,Albert Brooks: Defending My Life,2023,,88,Documentary,7.4,2097,tt20274588,1184849,tm1396488,https://www.imdb.com/title/tt20274588/
Movie,Alex Edelman: Just for Us,Alex Edelman: Just for Us,2024,,84,Comedy; Documentary,7.8,1085,tt31727542,1255883,tm1458956,https://www.imdb.com/title/tt31727542/
Movie,All That Breathes,All That Breathes,2022,,97,Documentary; Drama,7,5507,tt16377862,913838,tm1138107,https://www.imdb.com/title/tt16377862/
Movie,All the Way,All the Way,2016,,132,Drama; History,7.2,16348,tt3791216,347123,tm239708,https://www.imdb.com/title/tt3791216/
Movie,Am I OK?,Am I OK?,2024,,86,Comedy; Drama; Romance,6.1,15734,tt11225626,641934,tm1144306,https://www.imdb.com/title/tt11225626/
Movie,Amanda Seales: I Be Knowin',Amanda Seales: I Be Knowin',2019,,60,Comedy,6.2,469,tt9310314,574111,tm452757,https://www.imdb.com/title/tt9310314/
Movie,American Splendor,American Splendor,2003,,101,Comedy; Drama,7.4,55087,tt0305206,2771,tm143774,https://www.imdb.com/title/tt0305206/
Movie,Amityville Horror House,Amityville Horror House,2021,,88,Documentary; Drama; Fantasy; Horror; Mystery & Thriller,,,tt13183174,1706110,tm989067,https://www.imdb.com/title/tt13183174/
Movie,Amy Schumer: Live at the Apollo,Amy Schumer: Live at the Apollo,2015,,61,Comedy,5.9,4081,tt4909348,355178,tm220748,https://www.imdb.com/title/tt4909348/
Movie,An American Girl: Chrissa Stands Strong,An American Girl: Chrissa Stands Strong,2009,,91,Comedy; Drama; Kids & Family,6.2,1234,tt1340418,18182,tm155998,https://www.imdb.com/title/tt1340418/
Movie,An Intimate Evening with Adam Pally,An Intimate Evening with Adam Pally,2025,,56,Comedy; Documentary; Music & Musical,5.5,127,tt38499204,1552027,tm1866071,https://www.imdb.com/title/tt38499204/
Movie,And Just Like That... The Documentary,And Just Like That... The Documentary,2022,,73,Documentary,6.5,883,tt17526762,933255,tm1165092,https://www.imdb.com/title/tt17526762/
Movie,And Starring Pancho Villa as Himself,And Starring Pancho Villa as Himself,2003,,112,Drama; History; War & Military; Western,6.5,3902,tt0337824,24241,tm129730,https://www.imdb.com/title/tt0337824/
Movie,Andrew Tate: Icon or Toxic? A Faking It Special,Andrew Tate: Icon or Toxic? A Faking It Special,2024,,44,Comedy; Crime; Documentary,4.7,202,tt32651219,1356410,tm1523790,https://www.imdb.com/title/tt32651219/
Movie,Aquaman,Aquaman,2018,,143,Action & Adventure; Fantasy; Science-Fiction,6.8,559997,tt1477834,297802,tm544,https://www.imdb.com/title/tt1477834/
Movie,Aquaman and the Lost Kingdom,Aquaman and the Lost Kingdom,2023,,124,Action & Adventure; Fantasy; Science-Fiction,5.6,121817,tt9663764,572802,tm460935,https://www.imdb.com/title/tt9663764/
Movie,Armed Only with a Camera: The Life and Death of Brent Renaud,Armed Only with a Camera: The Life and Death of Brent Renaud,2025,,39,Documentary; War & Military,7,2255,tt35515733,1422051,tm1608209,https://www.imdb.com/title/tt35515733/
Movie,Arthur Miller: Writer,Arthur Miller: Writer,2017,,101,Documentary,7.3,637,tt7302488,473399,tm350466,https://www.imdb.com/title/tt7302488/
Movie,As You Like It,As You Like It,2006,,127,Comedy; Drama; Romance; Made in Europe,6,4111,tt0450972,19103,tm29667,https://www.imdb.com/title/tt0450972/
Movie,Atsuko Okatsuka: The Intruder,Atsuko Okatsuka: The Intruder,2022,,58,Comedy,7.2,779,tt21335620,1052393,tm1280703,https://www.imdb.com/title/tt21335620/
Movie,Baby God,Baby God,2020,,78,Crime; Documentary,5.9,900,tt11916166,682588,tm898226,https://www.imdb.com/title/tt11916166/
Movie,Bad Education,Bad Education,2019,,108,Comedy; Crime; Drama,7.1,46544,tt8206668,530723,tm822845,https://www.imdb.com/title/tt8206668/
Movie,Baghdad ER,Baghdad ER,2006,,64,Documentary,8,704,tt0802944,58566,tm36942,https://www.imdb.com/title/tt0802944/
Movie,Bama Rush,Bama Rush,2023,,100,Documentary,4.3,2195,tt21814814,1053722,tm1334418,https://www.imdb.com/title/tt21814814/
Movie,Band of Brothers: Legacy,Band of Brothers: Legacy,2026,,60,Documentary; War & Military,8.4,509,tt33510831,1762506,tm2979912,https://www.imdb.com/title/tt33510831/
Movie,Bang My Box: The Robin Byrd Story,Bang My Box: The Robin Byrd Story,2026,,79,Documentary,6.8,794,tt41702551,1674087,tm2868502,https://www.imdb.com/title/tt41702551/
Movie,Barbie,Barbie,2023,,114,Action & Adventure; Comedy; Fantasy,6.8,705762,tt1517268,346698,tm244331,https://www.imdb.com/title/tt1517268/
Movie,Batman Azteca: Choque de Imperios,Batman Azteca: Choque de Imperios,2025,,89,Action & Adventure; Animation; Fantasy; Science-Fiction,5.4,2594,tt21110654,987400,tm1342668,https://www.imdb.com/title/tt21110654/
Movie,Batman Begins,Batman Begins,2005,,141,Action & Adventure; Crime; Drama,8.2,1744435,tt0372784,272,tm167206,https://www.imdb.com/title/tt0372784/
Movie,Batman v Superman: Dawn of Justice,Batman v Superman: Dawn of Justice,2016,,151,Action & Adventure; Fantasy; Science-Fiction,6.5,759502,tt2975590,209112,tm1881,https://www.imdb.com/title/tt2975590/
Movie,Becoming Warren Buffett,Becoming Warren Buffett,2017,,90,Documentary,7.4,6240,tt6438096,438137,tm300807,https://www.imdb.com/title/tt6438096/
Movie,Beetlejuice,Beetlejuice,1988,,92,Comedy; Fantasy,7.4,422555,tt0094721,4011,tm39601,https://www.imdb.com/title/tt0094721/
Movie,Behind Bars: Shot in the Spotlight,Behind Bars - Shot in the Spotlight,2026,,,Crime,,,,1693906,tm2880511,
Movie,Being Mary Tyler Moore,Being Mary Tyler Moore,2023,,119,Documentary,7.5,1337,tt26084136,1072873,tm1297234,https://www.imdb.com/title/tt26084136/
Movie,Ben 10 vs. the Universe: The Movie,Ben 10 vs. the Universe: The Movie,2020,,70,Action & Adventure; Animation; Comedy; Kids & Family; Science-Fiction,5.3,1240,tt13186528,724475,tm940759,https://www.imdb.com/title/tt13186528/
Movie,"Ben 10,010","Ben 10,010",2021,,44,Action & Adventure; Animation,,,tt14317168,834802,tm1033552,https://www.imdb.com/title/tt14317168/
Movie,Ben 10: Alien Swarm,Ben 10: Alien Swarm,2009,,69,Action & Adventure; Kids & Family; Science-Fiction,4.6,6826,tt1327701,25642,tm145738,https://www.imdb.com/title/tt1327701/
Movie,Ben 10: Alien X-Tinction,Ben 10: Alien X-Tinction,2021,,43,Action & Adventure; Animation; Kids & Family,,,,882878,tm1034288,
Movie,Ben 10: Destroy All Aliens,Ben 10: Destroy All Aliens,2012,,66,Action & Adventure; Animation; Comedy; Crime; Drama; Fantasy; Kids & Family; Mystery & Thriller; Science-Fiction,6,2787,tt2290147,96826,tm41266,https://www.imdb.com/title/tt2290147/
Movie,Ben 10: Race Against Time,Ben 10: Race Against Time,2008,,86,Action & Adventure; Kids & Family; Science-Fiction,4.2,6686,tt1037011,16000,tm62922,https://www.imdb.com/title/tt1037011/
Movie,Ben 10: Secret of the Omnitrix,Ben 10: Secret of the Omnitrix,2007,,71,Action & Adventure; Animation; Kids & Family; Science-Fiction,7.5,5979,tt1146431,15403,tm78730,https://www.imdb.com/title/tt1146431/
Movie,Ben Gen 10,Ben Gen 10,2021,,45,Action & Adventure; Animation; Science-Fiction,,,,828397,tm1034204,
Movie,Bernard and Doris,Bernard and Doris,2006,,103,Comedy; Drama; Romance,6.5,4923,tt0470732,38163,tm36246,https://www.imdb.com/title/tt0470732/
Movie,Bessie,Bessie,2015,,112,Drama; Music & Musical,6.7,5153,tt3704352,330544,tm201644,https://www.imdb.com/title/tt3704352/
Movie,Beware the Slenderman,Beware the Slenderman,2016,,115,Crime; Documentary,6.2,9038,tt5329376,376424,tm246558,https://www.imdb.com/title/tt5329376/
Movie,Bill Maher: #Adulting,Bill Maher: #Adulting,2022,,67,Comedy,6,1107,tt18271228,960639,tm1196415,https://www.imdb.com/title/tt18271228/
Movie,Bill Maher: Is Anyone Else Seeing This?,Bill Maher: Is Anyone Else Seeing This?,2025,,66,Comedy,6.4,951,tt34491055,1386514,tm1564452,https://www.imdb.com/title/tt34491055/
Movie,Bill Maher: Live From Oklahoma,Bill Maher: Live From Oklahoma,2018,,65,Comedy,6.2,710,tt8398704,533972,tm423138,https://www.imdb.com/title/tt8398704/
Movie,Birds of Prey (and the Fantabulous Emancipation of One Harley Quinn),Birds of Prey (and the Fantabulous Emancipation of One Harley Quinn),2020,,109,Action & Adventure; Comedy; Crime,6.1,285567,tt7713068,495764,tm369261,https://www.imdb.com/title/tt7713068/
Movie,Black Adam,Black Adam,2022,,125,Action & Adventure; Fantasy; Science-Fiction,6.1,308633,tt6443346,436270,tm435124,https://www.imdb.com/title/tt6443346/
Movie,Black Art: In the Absence of Light,Black Art: In the Absence of Light,2021,,85,Documentary,7.3,381,tt13937354,794227,tm998830,https://www.imdb.com/title/tt13937354/
Movie,Blade,Blade,1998,,120,Action & Adventure; Horror; Science-Fiction,7.1,335863,tt0120611,36647,tm55553,https://www.imdb.com/title/tt0120611/
Movie,Blind Justice,Blind Justice,1994,,85,Action & Adventure; Drama; Western,5.7,1205,tt0109294,45188,tm117980,https://www.imdb.com/title/tt0109294/
Movie,Bloody Trophy,Krwawe trofeum,2025,,59,Crime; Documentary,6.6,45,tt36992507,1482165,tm1637096,https://www.imdb.com/title/tt36992507/
Movie,Blue Beetle,Blue Beetle,2023,,128,Action & Adventure; Mystery & Thriller; Science-Fiction,5.9,119763,tt9362930,565770,tm452641,https://www.imdb.com/title/tt9362930/
Movie,Brandy Hellville & the Cult of Fast Fashion,Brandy Hellville & the Cult of Fast Fashion,2024,,91,Documentary,6.2,1219,tt31189910,1242388,tm1445495,https://www.imdb.com/title/tt31189910/
Movie,Brett Goldstein: The Second Best Night of Your Life,Brett Goldstein: The Second Best Night of Your Life,2025,,69,Comedy; Documentary,6.5,1379,tt36242994,1451815,tm1614814,https://www.imdb.com/title/tt36242994/
Movie,Broken Child,Broken Child,2000,,61,Documentary,7.2,182,tt0354436,455836,tm437209,https://www.imdb.com/title/tt0354436/
Movie,Bully. Coward. Victim: The Story of Roy Cohn,Bully. Coward. Victim: The Story of Roy Cohn,2020,,94,Documentary,6.8,1189,tt9308256,575236,tm827603,https://www.imdb.com/title/tt9308256/
Movie,Burning Ojai: Our Fire Story,Burning Ojai: Our Fire Story,2020,,40,Documentary,6.4,119,tt13355988,755420,tm946973,https://www.imdb.com/title/tt13355988/
Movie,Bury My Heart at Wounded Knee,Bury My Heart at Wounded Knee,2007,,125,Drama; History; Western,7.1,8485,tt0821638,13470,tm72682,https://www.imdb.com/title/tt0821638/
Movie,Caddo Lake,Caddo Lake,2024,,103,Drama; Horror; Mystery & Thriller; Science-Fiction,6.8,59862,tt15552142,863873,tm1449628,https://www.imdb.com/title/tt15552142/
Movie,Caleb Hearon: Model Comedian,Caleb Hearon: Model Comedian,2025,,61,Comedy; Reality TV,6.8,547,tt37245594,1541013,tm1853127,https://www.imdb.com/title/tt37245594/
Movie,Call Me Miss Cleo,Call Me Miss Cleo,2022,,90,Documentary,5.5,914,tt24443706,1055854,tm1283018,https://www.imdb.com/title/tt24443706/
Movie,Capturing Mary,Capturing Mary,2007,,100,Drama,6.7,2291,tt0899052,132426,tm77177,https://www.imdb.com/title/tt0899052/
Movie,Carrie Fisher: Wishful Drinking,Carrie Fisher: Wishful Drinking,2010,,75,Comedy; Documentary,7.5,2502,tt1705977,52461,tm97396,https://www.imdb.com/title/tt1705977/
Movie,Cast a Deadly Spell,Cast a Deadly Spell,1991,,96,Comedy; Fantasy; Horror; Mystery & Thriller,6.3,6074,tt0101550,52660,tm9832,https://www.imdb.com/title/tt0101550/
Movie,Charlie and the Chocolate Factory,Charlie and the Chocolate Factory,2005,,115,Action & Adventure; Comedy; Fantasy; Kids & Family,6.7,578503,tt0367594,118,tm160815,https://www.imdb.com/title/tt0367594/
Movie,Chelsea Handler: Evolution,Chelsea Handler: Evolution,2020,,68,Comedy; Documentary,5.7,686,tt12736220,753450,tm944825,https://www.imdb.com/title/tt12736220/
Movie,Children of God: Lost and Found,Children of God: Lost and Found,2007,,66,Documentary,6.5,486,tt0806136,307510,tm80276,https://www.imdb.com/title/tt0806136/
Movie,Chris Brown: A History of Violence,Chris Brown: A History of Violence,2024,,82,Crime; Documentary,5.4,368,tt33516233,1364590,tm1539029,https://www.imdb.com/title/tt33516233/
Movie,Chris Fleming: Live at The Palace,Chris Fleming: Live at The Palace,2026,,75,Comedy,6.7,432,tt39765131,1632879,tm1959711,https://www.imdb.com/title/tt39765131/
Movie,Cinema Verite,Cinema Verite,2011,,86,Drama,6.5,4264,tt1623742,64566,tm172974,https://www.imdb.com/title/tt1623742/
Movie,Citizen X,Citizen X,1995,,105,Crime; Drama; History; Mystery & Thriller,7.4,27069,tt0112681,12554,tm14532,https://www.imdb.com/title/tt0112681/
Movie,Clear History,Clear History,2013,,100,Comedy,6.4,19734,tt2279864,133790,tm177456,https://www.imdb.com/title/tt2279864/
Movie,Coastal Elites,Coastal Elites,2020,,87,Comedy,6.2,1217,tt12587564,728203,tm921992,https://www.imdb.com/title/tt12587564/
Movie,Color Theories by Julio Torres. A Guide to Seeing the World,Color Theories by Julio Torres. A Guide to Seeing the World,2026,,72,Comedy,,,,1573688,tm1975198,
Movie,Coma,Coma,2007,,120,Documentary,7.6,338,tt1118072,245266,tm85504,https://www.imdb.com/title/tt1118072/
Movie,Confirmation,Confirmation,2016,,110,Drama; History,6.8,5892,tt4608402,348390,tm239083,https://www.imdb.com/title/tt4608402/
Movie,Conspiracy,Conspiracy,2001,,96,Drama; History; War & Military,7.6,30794,tt0266425,12900,tm55814,https://www.imdb.com/title/tt0266425/
Movie,Country Doctor,Country Doctor,2025,,38,Documentary,7.2,125,tt37738705,1522259,tm1667429,https://www.imdb.com/title/tt37738705/
Movie,Covid Diaries NYC,Covid Diaries NYC,2021,,40,Documentary,4.3,223,tt14057586,779184,tm1001483,https://www.imdb.com/title/tt14057586/
Movie,Craig Before the Creek,Craig Before the Creek,2023,,88,Action & Adventure; Animation; Comedy; Fantasy; Kids & Family,6.9,520,tt17154734,928833,tm1416226,https://www.imdb.com/title/tt17154734/
Movie,"Crazy, Not Insane","Crazy, Not Insane",2020,,117,Crime; Documentary,6.9,3014,tt11668320,682589,tm866711,https://www.imdb.com/title/tt11668320/
Movie,"Crazy, Stupid, Love.","Crazy, Stupid, Love.",2011,,118,Comedy; Drama; Romance,7.4,629471,tt1570728,50646,tm166064,https://www.imdb.com/title/tt1570728/
Movie,Critical Incident: Death at the Border,Critical Incident: Death at the Border,2025,,90,Documentary,6,249,tt39222512,1601000,tm1932985,https://www.imdb.com/title/tt39222512/
Movie,Daniel,Daniel,2023,,75,Documentary,7.6,491,tt3180090,1216574,tm1421513,https://www.imdb.com/title/tt3180090/
Movie,David Holmes: The Boy Who Lived,David Holmes: The Boy Who Lived,2023,,89,Documentary,7.7,4757,tt29491918,1190725,tm1397636,https://www.imdb.com/title/tt29491918/
Movie,Daybreak,Daybreak,1993,,91,Action & Adventure; Drama; Romance; Science-Fiction,5,2107,tt0106676,47945,tm189855,https://www.imdb.com/title/tt0106676/
Movie,DC League of Super-Pets,DC League of Super-Pets,2022,,105,Action & Adventure; Animation; Comedy; Crime; Fantasy; Kids & Family; Science-Fiction,6.8,80850,tt8912936,539681,tm456636,https://www.imdb.com/title/tt8912936/
Movie,Dead Silence,Dead Silence,1997,,105,Action & Adventure; Crime; Drama; Mystery & Thriller,6.1,1725,tt0118942,223389,tm190720,https://www.imdb.com/title/tt0118942/
Movie,Deadwood: The Movie,Deadwood: The Movie,2019,,110,Drama; Western,7.3,29724,tt4943998,538225,tm458066,https://www.imdb.com/title/tt4943998/
Movie,Dear Ms.: A Revolution in Print,Dear Ms.: A Revolution in Print,2025,,110,Documentary,7.2,215,tt36589903,1465528,tm1624359,https://www.imdb.com/title/tt36589903/
Movie,Diabolical: The Epstein Files,Diabolical: The Epstein Files,2026,,89,Crime; Documentary,6.5,468,tt40837826,1640697,tm1966096,https://www.imdb.com/title/tt40837826/
Movie,Diagnosis Bipolar: Five Families Search for Answers,Diagnosis Bipolar: Five Families Search for Answers,2010,,48,Documentary,5.7,141,tt9278508,248873,tm310204,https://www.imdb.com/title/tt9278508/
Movie,Dinner with Friends,Dinner with Friends,2001,,94,Comedy; Drama; Romance,6.2,3806,tt0271461,24625,tm61054,https://www.imdb.com/title/tt0271461/
Movie,Dirty War,Dirty War,2004,,90,Drama; Mystery & Thriller,6.4,1885,tt0427157,39182,tm85312,https://www.imdb.com/title/tt0427157/
Movie,DMX: Don't Try to Understand,DMX: Don't Try to Understand,2021,,79,Documentary; Music & Musical,6.5,635,tt11817822,754848,tm946691,https://www.imdb.com/title/tt11817822/
Movie,Donald Trump: A Faking It Special,Donald Trump: A Faking It Special,2020,,44,Documentary,,,,1188129,tm1394864,
Movie,Donyale Luna: Supermodel,Donyale Luna: Supermodel,2023,,95,Documentary,7.2,329,tt21046314,1123521,tm1337934,https://www.imdb.com/title/tt21046314/
Movie,Dope Sick Love,Dope Sick Love,2005,,93,Documentary,7.3,1347,tt0451041,82304,tm185420,https://www.imdb.com/title/tt0451041/
Movie,Drew Michael,Drew Michael,2018,,60,Comedy,5.6,426,tt8563704,539985,tm427402,https://www.imdb.com/title/tt8563704/
Movie,Dune,Dune,2021,,155,Action & Adventure; Drama; Science-Fiction,8,1090454,tt1160419,438631,tm305113,https://www.imdb.com/title/tt1160419/
Movie,Dunkirk,Dunkirk,2017,,107,Action & Adventure; Drama; History; Mystery & Thriller; War & Military,7.8,752768,tt5013056,374720,tm232797,https://www.imdb.com/title/tt5013056/
Movie,Ed Stafford: Man Woman Child Wild,Ed Stafford: Man Woman Child Wild,2019,,44,Documentary,7.5,38,tt14813772,632037,tm833654,https://www.imdb.com/title/tt14813772/
Movie,Edge of Tomorrow,Edge of Tomorrow,2014,,114,Action & Adventure; Science-Fiction,7.9,815868,tt1631867,137113,tm135878,https://www.imdb.com/title/tt1631867/
Movie,Einstein and Eddington,Einstein and Eddington,2008,,93,Drama; History,7.1,8724,tt0995036,15044,tm50584,https://www.imdb.com/title/tt0995036/
Movie,El Diablo,El Diablo,1990,,115,Comedy; Drama; Western,6,1447,tt0099493,71143,tm146932,https://www.imdb.com/title/tt0099493/
Movie,Elephant,Elephant,2003,,81,Crime; Drama; Mystery & Thriller,7.1,105621,tt0363589,1807,tm140855,https://www.imdb.com/title/tt0363589/
Movie,Elizabeth Taylor: The Lost Tapes,Elizabeth Taylor: The Lost Tapes,2024,,100,Documentary,7.5,772,tt8510508,1279112,tm1477691,https://www.imdb.com/title/tt8510508/
Movie,Endangered,Endangered,2022,,90,Documentary,6.6,457,tt12502288,897374,tm1198593,https://www.imdb.com/title/tt12502288/
Movie,Enigma,Enigma,2025,,94,Documentary,7,561,tt34965984,1400768,tm1573532,https://www.imdb.com/title/tt34965984/
Movie,Euphoria: A Look Back,Euphoria: A Look Back,2026,,60,Documentary,,,,1732097,tm2933868,
Movie,Every Brilliant Thing,Every Brilliant Thing,2016,,62,Documentary,8.4,1069,tt7455360,426135,tm343584,https://www.imdb.com/title/tt7455360/
Movie,Everyday People,Everyday People,2004,,91,Drama,6.5,1319,tt0365020,41851,tm87404,https://www.imdb.com/title/tt0365020/
Movie,Excellent Cadavers,Excellent Cadavers,1999,,102,Crime; Drama; Mystery & Thriller; Made in Europe,6.6,1645,tt0151734,19189,tm48243,https://www.imdb.com/title/tt0151734/
Movie,Eyes on the Prize: Hallowed Ground,Eyes on the Prize: Hallowed Ground,2021,,60,Documentary,6,119,tt15078488,852336,tm1076560,https://www.imdb.com/title/tt15078488/
Movie,Eyes Wide Shut,Eyes Wide Shut,1999,,159,Drama; Mystery & Thriller,7.5,438658,tt0120663,345,tm62326,https://www.imdb.com/title/tt0120663/
Movie,Fahrenheit 451,Fahrenheit 451,2018,,100,Drama; Mystery & Thriller; Science-Fiction,5,23301,tt0360556,401905,tm244370,https://www.imdb.com/title/tt0360556/
Movie,Fake Famous,Fake Famous,2021,,86,Documentary,6.6,2345,tt13890392,788610,tm994417,https://www.imdb.com/title/tt13890392/
Movie,Faking It: Ted Bundy,Faking It: Ted Bundy,2021,,48,Crime; Documentary,,,,846775,tm1069080,
Movie,Fantastic Beasts and Where to Find Them,Fantastic Beasts and Where to Find Them,2016,,133,Action & Adventure; Fantasy; Kids & Family,7.2,545529,tt3183660,259316,tm123342,https://www.imdb.com/title/tt3183660/
Movie,Fantastic Beasts: A Natural History,Fantastic Beasts: A Natural History,2022,,58,Documentary,6.6,809,tt11709244,662244,tm1177443,https://www.imdb.com/title/tt11709244/
Movie,Fantastic Beasts: The Crimes of Grindelwald,Fantastic Beasts: The Crimes of Grindelwald,2018,,134,Documentary; Fantasy; Kids & Family,6.5,335067,tt4123430,338952,tm208397,https://www.imdb.com/title/tt4123430/
Movie,Fantastic Beasts: The Secrets of Dumbledore,Fantastic Beasts: The Secrets of Dumbledore,2022,,142,Action & Adventure; Fantasy,6.2,195515,tt4123432,338953,tm208407,https://www.imdb.com/title/tt4123432/
Movie,Faye,Faye,2024,,91,Documentary,7.1,3312,tt32220386,1280483,tm1478635,https://www.imdb.com/title/tt32220386/
Movie,Fellow Traveller,Fellow Traveller,1989,,91,Drama; Mystery & Thriller,,,,248840,tm141911,
Movie,Ferrell Takes the Field,Ferrell Takes the Field,2015,,49,Comedy; Documentary; Sport,5.9,1309,tt4861558,348819,tm215537,https://www.imdb.com/title/tt4861558/
Movie,Finding Harry: The Craft Behind the Magic,Finding Harry: The Craft Behind the Magic,2026,,26,Documentary,6.9,974,tt41368989,1662432,tm2861987,https://www.imdb.com/title/tt41368989/
Movie,Finding the Way Home,Finding the Way Home,2019,,97,Documentary,7.4,96,tt10720568,625336,tm825452,https://www.imdb.com/title/tt10720568/
Movie,Flight of the Conchords: Live in London,Flight of the Conchords: Live in London,2018,,88,Comedy; Documentary; Music & Musical,8.2,2203,tt4978510,550416,tm435961,https://www.imdb.com/title/tt4978510/
Movie,Frederick Douglass: In Five Speeches,Frederick Douglass: In Five Speeches,2022,,58,Documentary; History,7.6,399,tt17542306,933721,tm1165419,https://www.imdb.com/title/tt17542306/
Movie,Frequently Asked Questions About Time Travel,Frequently Asked Questions About Time Travel,2009,,83,Comedy; Documentary; Drama; Science-Fiction,7,37007,tt0910554,22494,tm140640,https://www.imdb.com/title/tt0910554/
Movie,Friends of God: A Road Trip with Alexandra Pelosi,Friends of God: A Road Trip with Alexandra Pelosi,2007,,56,Documentary,6.5,570,tt0953404,25003,tm84508,https://www.imdb.com/title/tt0953404/
Movie,Friends: The Reunion,Friends: The Reunion,2021,,104,Comedy; Documentary; History,8,68937,tt11337862,691179,tm1042385,https://www.imdb.com/title/tt11337862/
Movie,Gaga Chromatica Ball,Gaga Chromatica Ball,2024,,113,Music & Musical,8.1,2252,tt29794647,1063549,tm1287105,https://www.imdb.com/title/tt29794647/
Movie,Game Change,Game Change,2012,,105,Drama; History; Made in Europe,7.4,24385,tt1848902,91010,tm30036,https://www.imdb.com/title/tt1848902/
Movie,Game of Thrones: The Last Watch,Game of Thrones: The Last Watch,2019,,115,Documentary,7.1,7065,tt10090796,591278,tm465547,https://www.imdb.com/title/tt10090796/
Movie,Geostorm,Geostorm,2017,,109,Action & Adventure; Mystery & Thriller; Science-Fiction,5.4,135020,tt1981128,274855,tm120595,https://www.imdb.com/title/tt1981128/
Movie,Ghosts of Abu Ghraib,Ghosts of Abu Ghraib,2007,,78,Crime; Documentary; History; War & Military,7.6,1323,tt0912585,36926,tm77236,https://www.imdb.com/title/tt0912585/
Movie,Gia,Gia,1998,,117,Drama; Romance,6.9,55495,tt0123865,14533,tm46522,https://www.imdb.com/title/tt0123865/
Movie,Godzilla,Godzilla,2014,,123,Action & Adventure; Drama; Mystery & Thriller; Science-Fiction,6.4,447691,tt0831387,124905,tm158958,https://www.imdb.com/title/tt0831387/
Movie,Godzilla vs. Kong,Godzilla vs. Kong,2021,,114,Action & Adventure; Mystery & Thriller; Science-Fiction,6.3,271010,tt5034838,399566,tm239926,https://www.imdb.com/title/tt5034838/
Movie,Godzilla x Kong: The New Empire,Godzilla x Kong: The New Empire,2024,,115,Action & Adventure; Fantasy; Mystery & Thriller; Science-Fiction,6,138830,tt14539740,823464,tm1232872,https://www.imdb.com/title/tt14539740/
Movie,Godzilla: King of the Monsters,Godzilla: King of the Monsters,2019,,131,Action & Adventure; Fantasy; Science-Fiction,6,232384,tt3741700,373571,tm235768,https://www.imdb.com/title/tt3741700/
Movie,Grande Maison Tokyo Special,グランメゾン東京 スペシャル,2024,,101,Drama,,,,1414051,tm1582061,
Movie,"Great Photo, Lovely Life","Great Photo, Lovely Life",2023,,112,Documentary,7.4,2139,tt11331792,1073097,tm1297321,https://www.imdb.com/title/tt11331792/
Movie,Green Lantern,Green Lantern,2011,,114,Action & Adventure; Science-Fiction,5.5,312578,tt1133985,44912,tm168537,https://www.imdb.com/title/tt1133985/
Movie,Grey Gardens,Grey Gardens,2009,,104,Drama; History,7.4,12041,tt0758751,19851,tm144966,https://www.imdb.com/title/tt0758751/
Movie,Gwyneth vs Terry: The Ski Crash Trial,Gwyneth vs Terry: The Ski Crash Trial,2023,,56,Documentary,,,,1246023,tm1448108,
Movie,Habla Now,Habla Now,2020,,58,Documentary,6.5,40,tt12938652,965198,tm962124,https://www.imdb.com/title/tt12938652/
Movie,Hannah Einbinder: Everything Must Go,Hannah Einbinder: Everything Must Go,2024,,55,Comedy,6.3,1493,tt32368364,1291557,tm1487109,https://www.imdb.com/title/tt32368364/
Movie,Happy Feet,Happy Feet,2006,,108,Animation; Comedy; Kids & Family; Music & Musical; Romance,6.4,215988,tt0366548,9836,tm37546,https://www.imdb.com/title/tt0366548/
Movie,Happy Feet Two,Happy Feet Two,2011,,99,Animation; Comedy; Kids & Family; Romance,5.8,51497,tt1402488,65759,tm169108,https://www.imdb.com/title/tt1402488/
Movie,Harry Potter 20th Anniversary: Return to Hogwarts,Harry Potter 20th Anniversary: Return to Hogwarts,2022,,103,Documentary; Kids & Family,8,50582,tt16116174,899082,tm1128929,https://www.imdb.com/title/tt16116174/
Movie,Harry Potter and the Chamber of Secrets,Harry Potter and the Chamber of Secrets,2002,,161,Action & Adventure; Fantasy; Kids & Family,7.5,777745,tt0295297,672,tm109994,https://www.imdb.com/title/tt0295297/
Movie,Harry Potter and the Deathly Hallows: Part 1,Harry Potter and the Deathly Hallows: Part 1,2010,,146,Action & Adventure; Fantasy; Kids & Family,7.7,675025,tt0926084,12444,tm91787,https://www.imdb.com/title/tt0926084/
Movie,Harry Potter and the Deathly Hallows: Part 2,Harry Potter and the Deathly Hallows: Part 2,2011,,130,Action & Adventure; Fantasy; Kids & Family,8.1,1062887,tt1201607,12445,tm177297,https://www.imdb.com/title/tt1201607/
Movie,Harry Potter and the Goblet of Fire,Harry Potter and the Goblet of Fire,2005,,157,Action & Adventure; Fantasy; Kids & Family,7.7,764896,tt0330373,674,tm178628,https://www.imdb.com/title/tt0330373/
Movie,Harry Potter and the Half-Blood Prince,Harry Potter and the Half-Blood Prince,2009,,154,Action & Adventure; Fantasy; Kids & Family,7.6,670683,tt0417741,767,tm144798,https://www.imdb.com/title/tt0417741/
Movie,Harry Potter and the Order of the Phoenix,Harry Potter and the Order of the Phoenix,2007,,138,Action & Adventure; Fantasy; Kids & Family,7.5,711472,tt0373889,675,tm85382,https://www.imdb.com/title/tt0373889/
Movie,Harry Potter and the Philosopher's Stone,Harry Potter and the Philosopher's Stone,2001,,152,Action & Adventure; Fantasy; Kids & Family,7.7,966857,tt0241527,671,tm50154,https://www.imdb.com/title/tt0241527/
Movie,Harry Potter and the Prisoner of Azkaban,Harry Potter and the Prisoner of Azkaban,2004,,141,Action & Adventure; Fantasy; Kids & Family,7.9,778861,tt0304141,673,tm86278,https://www.imdb.com/title/tt0304141/
Movie,Heidi Fleiss: The Would-be Madam of Crystal,Heidi Fleiss: The Would-be Madam of Crystal,2008,,70,Documentary,5.1,250,tt0495208,273945,tm35066,https://www.imdb.com/title/tt0495208/
Movie,Hello Ladies: The Movie,Hello Ladies: The Movie,2014,,85,Comedy,6.7,7022,tt3762944,303623,tm148216,https://www.imdb.com/title/tt3762944/
Movie,Hemingway & Gellhorn,Hemingway & Gellhorn,2012,,155,Drama; Romance,6.3,11353,tt0423455,111839,tm54405,https://www.imdb.com/title/tt0423455/
Movie,"Heroin: Cape Cod, USA","Heroin: Cape Cod, USA",2015,,75,Documentary,7.1,970,tt5331776,374852,tm233719,https://www.imdb.com/title/tt5331776/
Movie,Hostile Waters,Hostile Waters,1997,,94,Drama; Mystery & Thriller; War & Military; Made in Europe,,,,2131,tm191296,
Movie,How Do You Measure a Year?,How Do You Measure a Year?,2021,,29,Documentary,6.9,1410,tt15026956,846854,tm1128075,https://www.imdb.com/title/tt15026956/
Movie,How We Get Free,How We Get Free,2023,,30,Documentary,6.2,212,tt26909136,1104006,tm1321923,https://www.imdb.com/title/tt26909136/
Movie,Hunted by My Husband: The Untold Story of the DC Sniper,Hunted by My Husband: The Untold Story of the DC Sniper,2025,,83,Crime; Documentary,6.7,68,tt38926861,1570924,tm1904544,https://www.imdb.com/title/tt38926861/
Movie,I Am Evidence,I Am Evidence,2017,,89,Documentary,7.6,842,tt6794374,448452,tm313970,https://www.imdb.com/title/tt6794374/
Movie,Icahn: The Restless Billionaire,Icahn: The Restless Billionaire,2022,,102,Documentary,7,1129,tt15462640,933249,tm1165098,https://www.imdb.com/title/tt15462640/
Movie,Ice on Fire,Ice on Fire,2019,,88,Documentary,7.4,1792,tt9114472,599379,tm471860,https://www.imdb.com/title/tt9114472/
Movie,In Pursuit of Honor,In Pursuit of Honor,1995,,111,Drama; Western,7,2028,tt0113399,139826,tm11296,https://www.imdb.com/title/tt0113399/
Movie,In the Same Breath,In the Same Breath,2021,,98,Documentary,7.5,1999,tt13648230,776518,tm983719,https://www.imdb.com/title/tt13648230/
Movie,In the Shadow of the Towers: Stuyvesant High on 9/11,In the Shadow of the Towers: Stuyvesant High on 9/11,2019,,35,Documentary; Drama; History,6.5,518,tt10720196,625331,tm825481,https://www.imdb.com/title/tt10720196/
Movie,Inception,Inception,2010,,148,Mystery & Thriller; Science-Fiction,8.8,2868592,tt1375666,27205,tm92641,https://www.imdb.com/title/tt1375666/
Movie,Indictment: The McMartin Trial,Indictment: The McMartin Trial,1995,,135,Drama; Mystery & Thriller,7.5,5121,tt0113421,46725,tm11738,https://www.imdb.com/title/tt0113421/
Movie,Interstellar,Interstellar,2014,,169,Action & Adventure; Drama; Science-Fiction,8.7,2606906,tt0816692,157336,tm157099,https://www.imdb.com/title/tt0816692/
Movie,Into the Storm,Into the Storm,2009,,100,Drama; History; War & Military,7,6605,tt0992993,36465,tm152567,https://www.imdb.com/title/tt0992993/
Movie,It Will be Chaos,It Will be Chaos,2018,,93,Documentary,6.6,190,tt7029788,523996,tm416091,https://www.imdb.com/title/tt7029788/
Movie,It's a Hard Truth Ain't It,It's a Hard Truth Ain't It,2018,,75,Animation; Documentary,6.9,442,tt7897122,520369,tm411318,https://www.imdb.com/title/tt7897122/
Movie,Jagged,Jagged,2021,,99,Documentary; Music & Musical,7.3,1986,tt14911244,844143,tm1072577,https://www.imdb.com/title/tt14911244/
Movie,James Acaster: Hecklers Welcome,James Acaster: Hecklers Welcome,2024,,75,Comedy,6.6,898,tt34581142,1386881,tm1559417,https://www.imdb.com/title/tt34581142/
Movie,Jane Fonda in Five Acts,Jane Fonda in Five Acts,2018,,133,Documentary,7.9,3095,tt7689958,490082,tm370275,https://www.imdb.com/title/tt7689958/
Movie,Jason Isbell: Running With Our Eyes Closed,Jason Isbell: Running With Our Eyes Closed,2023,,98,Documentary; Music & Musical,8,371,tt16430904,1103461,tm1320418,https://www.imdb.com/title/tt16430904/
Movie,Jerrod Carmichael: Don't Be Gay,Jerrod Carmichael: Don't Be Gay,2025,,53,Comedy; Documentary,6.8,435,tt36437611,1470236,tm1627965,https://www.imdb.com/title/tt36437611/
Movie,Jerrod Carmichael: Rothaniel,Jerrod Carmichael: Rothaniel,2022,,55,Comedy; Documentary,7.8,2900,tt18949702,952326,tm1187459,https://www.imdb.com/title/tt18949702/
Movie,Joe's Palace,Joe's Palace,2007,,108,Drama,6.8,1498,tt0899109,43741,tm71438,https://www.imdb.com/title/tt0899109/
Movie,John Early: Now More Than Ever,John Early: Now More Than Ever,2023,,64,Comedy; Documentary,6.4,499,tt11459818,1111585,tm1327132,https://www.imdb.com/title/tt11459818/
Movie,Joker,Joker,2019,,122,Drama; Mystery & Thriller,8.3,1725536,tt7286456,475557,tm349873,https://www.imdb.com/title/tt7286456/
Movie,Joker: Folie à Deux,Joker: Folie à Deux,2024,,138,Drama; Mystery & Thriller,5.2,188503,tt11315808,889737,tm1241329,https://www.imdb.com/title/tt11315808/
Movie,Josh Johnson: Symphony,Josh Johnson: Symphony,2026,,60,Comedy,6.9,562,tt40865915,1675032,tm2661851,https://www.imdb.com/title/tt40865915/
Movie,Juice WRLD: Into the Abyss,Juice WRLD: Into the Abyss,2021,,110,Documentary; Music & Musical,7.6,2476,tt15168124,888491,tm1117330,https://www.imdb.com/title/tt15168124/
Movie,Jurassic Sharks,Jurassic Sharks,2026,,42,Animation; Documentary; History,3.5,66,tt43725831,1739632,tm2948466,https://www.imdb.com/title/tt43725831/
Movie,Justice League,Justice League,2017,,120,Action & Adventure; Science-Fiction,6,509922,tt0974015,141052,tm443,https://www.imdb.com/title/tt0974015/
Movie,Katrina Babies,Katrina Babies,2022,,81,Documentary,7.3,457,tt15306876,866074,tm1198449,https://www.imdb.com/title/tt15306876/
Movie,King Arthur: Legend of the Sword,King Arthur: Legend of the Sword,2017,,126,Action & Adventure; Drama; Fantasy,6.7,235899,tt1972591,274857,tm120073,https://www.imdb.com/title/tt1972591/
Movie,Kong: Skull Island,Kong: Skull Island,2017,,118,Action & Adventure; Fantasy; Science-Fiction,6.7,355675,tt3731562,293167,tm123167,https://www.imdb.com/title/tt3731562/
Movie,Koran by Heart,Koran by Heart,2011,,90,Documentary,7.3,419,tt1766189,82326,tm181448,https://www.imdb.com/title/tt1766189/
Movie,KPop Shark Heroes,KPop Shark Heroes,2026,,44,Documentary,4.7,25,tt42643573,1738843,tm2912772,https://www.imdb.com/title/tt42643573/
Movie,Lady Gucci - La storia di Patrizia Reggiani,Lady Gucci - La storia di Patrizia Reggiani,2020,,75,Crime; Documentary,6.1,255,tt14341058,903629,tm1054365,https://www.imdb.com/title/tt14341058/
Movie,Lansky,Lansky,1999,,116,Crime; Drama,5.5,2245,tt0173974,76739,tm54283,https://www.imdb.com/title/tt0173974/
Movie,Last Days,Last Days,2005,,97,Drama; Music & Musical,5.7,25003,tt0403217,1665,tm174903,https://www.imdb.com/title/tt0403217/
Movie,Lee Cronin's the Mummy,Lee Cronin's the Mummy,2026,,134,Horror; Mystery & Thriller,6.1,71782,tt32612507,1304313,tm1510509,https://www.imdb.com/title/tt32612507/
Movie,LEGO Ninjago Legends: Monstrosity,LEGO Ninjago Legends: Monstrosity,2025,,15,Horror,,,,1496583,tm1648980,
Movie,Leo Reich: Literally Who Cares?!,Leo Reich: Literally Who Cares?!,2023,,65,Comedy,5.9,303,tt29712087,1198933,tm1417081,https://www.imdb.com/title/tt29712087/
Movie,Let Them All Talk,Let Them All Talk,2020,,113,Comedy; Drama,6.1,14725,tt10808832,623856,tm828948,https://www.imdb.com/title/tt10808832/
Movie,Liberty: Mother of Exiles,Liberty: Mother of Exiles,2019,,90,Documentary; History,6.6,195,tt10327518,604927,tm680256,https://www.imdb.com/title/tt10327518/
Movie,Life According to Sam,Life According to Sam,2013,,90,Documentary; Drama,8.1,1011,tt2558550,159009,tm176942,https://www.imdb.com/title/tt2558550/
Movie,Life Afterlife,Life Afterlife,2000,,90,Documentary,6.7,60,tt0245232,845302,tm761396,https://www.imdb.com/title/tt0245232/
Movie,Life of Crime: 1984-2020,Life of Crime: 1984-2020,2021,,121,Crime; Documentary; Drama,8.4,3446,tt15119154,854345,tm1080107,https://www.imdb.com/title/tt15119154/
Movie,Listening to Kenny G,Listening to Kenny G,2021,,97,Documentary; Music & Musical,7.4,1318,tt15174040,858016,tm1082932,https://www.imdb.com/title/tt15174040/
Movie,Lively vs Baldoni: The Hollywood Feud,Lively vs Baldoni: The Hollywood Feud,2025,,51,Documentary,,,,1518193,tm1660555,
Movie,Lizzo: Live in Concert,Lizzo: Live in Concert,2022,,91,Music & Musical,6.5,200,tt25406946,1052703,tm1280894,https://www.imdb.com/title/tt25406946/
Movie,Looking: The Movie,Looking: The Movie,2016,,85,Comedy; Drama; Romance,7.5,11527,tt4552118,371738,tm244639,https://www.imdb.com/title/tt4552118/
Movie,Love Crimes Of Kabul,Love Crimes Of Kabul,2011,,71,Documentary,6.8,284,tt2032489,70834,tm159835,https://www.imdb.com/title/tt2032489/
Movie,"Love to Love You, Donna Summer","Love to Love You, Donna Summer",2023,,107,Documentary; Music & Musical,6.6,1478,tt16442822,1055378,tm1304171,https://www.imdb.com/title/tt16442822/
Movie,"Love, Lizzo","Love, Lizzo",2022,,89,Documentary; Music & Musical,6.5,612,tt13622290,1023884,tm1265844,https://www.imdb.com/title/tt13622290/
Movie,Mama's Boy,Mama's Boy,2022,,102,Documentary,7.9,678,tt14871116,1024528,tm1255341,https://www.imdb.com/title/tt14871116/
Movie,Man of Steel,Man of Steel,2013,,143,Action & Adventure; Science-Fiction,7.1,876841,tt0770828,49521,tm165938,https://www.imdb.com/title/tt0770828/
Movie,Manhunt: The Inside Story of the Hunt for Bin Laden,Manhunt: The Inside Story of the Hunt for Bin Laden,2013,,100,Documentary; History; War & Military,6.7,1327,tt2475544,159011,tm165948,https://www.imdb.com/title/tt2475544/
Movie,Marathon: The Patriots Day Bombing,Marathon: The Patriots Day Bombing,2016,,108,Documentary,7.9,1038,tt6047906,418693,tm271231,https://www.imdb.com/title/tt6047906/
Movie,Marc Maron: From Bleak to Dark,Marc Maron: From Bleak to Dark,2023,,65,Comedy; Documentary,7.1,1719,tt26453369,1078615,tm1301628,https://www.imdb.com/title/tt26453369/
Movie,Marc Maron: Panicked,Marc Maron: Panicked,2025,,73,Comedy,7.6,1625,tt36048590,1503451,tm1652945,https://www.imdb.com/title/tt36048590/
Movie,Maria Full of Grace,"María, llena eres de gracia",2004,,101,Crime; Drama; Mystery & Thriller,7.4,37779,tt0390221,436,tm87234,https://www.imdb.com/title/tt0390221/
Movie,Marlon Wayans Presents: The Headliners,Marlon Wayans Presents: The Headliners,2022,,60,Comedy,6,6,tt19487020,965645,tm1198765,https://www.imdb.com/title/tt19487020/
Movie,Marlon Wayans: God Loves Me,Marlon Wayans: God Loves Me,2023,,60,Comedy,6.6,780,tt26753138,1090241,tm1310730,https://www.imdb.com/title/tt26753138/
Movie,Master of Light,Master of Light,2022,,83,Documentary,6.8,277,tt17660502,934624,tm1166296,https://www.imdb.com/title/tt17660502/
Movie,Meg 2: The Trench,Meg 2: The Trench,2023,,116,Action & Adventure; Horror; Mystery & Thriller; Science-Fiction,5,105225,tt9224104,615656,tm1180438,https://www.imdb.com/title/tt9224104/
Movie,Metal Monsters: The Righteous Redeemer,Metal Monsters: The Righteous Redeemer,2023,,40,Documentary; Sport,6.1,48,tt28359825,1153596,tm1364685,https://www.imdb.com/title/tt28359825/
Movie,Meth Storm,Meth Storm,2017,,96,Documentary,6.6,930,tt7655884,438473,tm311732,https://www.imdb.com/title/tt7655884/
Movie,Mike Tyson: Undisputed Truth,Mike Tyson: Undisputed Truth,2013,,90,Comedy; Documentary; Drama,7.3,3358,tt3009336,210041,tm171954,https://www.imdb.com/title/tt3009336/
Movie,Mistrial,Mistrial,1996,,89,Action & Adventure; Drama; Mystery & Thriller,5.6,1261,tt0117061,291613,tm107772,https://www.imdb.com/title/tt0117061/
Movie,Mommy Dead and Dearest,Mommy Dead and Dearest,2017,,82,Crime; Documentary,7.3,13775,tt6442978,438446,tm310542,https://www.imdb.com/title/tt6442978/
Movie,Money Electric: The Bitcoin Mystery,Money Electric: The Bitcoin Mystery,2024,,100,Documentary; Mystery & Thriller,6.8,4930,tt33600145,1365712,tm1541361,https://www.imdb.com/title/tt33600145/
Movie,Montana,Montana,1990,,100,Comedy; Drama; Western; Made in Europe,6.6,29,tt0104911,471800,tm346994,https://www.imdb.com/title/tt0104911/
Movie,Mortal Kombat,Mortal Kombat,2021,,110,Action & Adventure; Fantasy; Mystery & Thriller; Science-Fiction,6.1,222833,tt0293429,460465,tm474986,https://www.imdb.com/title/tt0293429/
Movie,Mortal Kombat II,Mortal Kombat 2,2026,,116,Action & Adventure; Comedy; Fantasy; Mystery & Thriller; Science-Fiction,6.3,89318,tt17490712,931285,tm1506526,https://www.imdb.com/title/tt17490712/
Movie,"MoviePass, MovieCrash","MoviePass, MovieCrash",2024,,96,Comedy; Crime; Documentary; Drama,6.7,1591,tt14257662,1229898,tm1434074,https://www.imdb.com/title/tt14257662/
Movie,Mr. Saturday Night,Mr. Saturday Night,2021,,83,Documentary; Music & Musical,6.6,401,tt15721532,890823,tm1123844,https://www.imdb.com/title/tt15721532/
Movie,Muhammad Ali's Greatest Fight,Muhammad Ali's Greatest Fight,2013,,97,Drama,6.7,2685,tt2061756,196355,tm174415,https://www.imdb.com/title/tt2061756/
Movie,Music Box: Counting Crows: Have You Seen Me Lately?,Music Box: Counting Crows: Have You Seen Me Lately?,2025,,90,Documentary; Music & Musical,7.4,514,tt36591196,1465772,tm1624521,https://www.imdb.com/title/tt36591196/
Movie,Music Box: Happy and You Know It,Music Box: Happy and You Know It,2025,,78,Documentary; Kids & Family; Music & Musical,6.1,89,tt38639577,1560229,tm1875364,https://www.imdb.com/title/tt38639577/
Movie,Music Box: Yacht Rock: A DOCKumentary,Music Box: Yacht Rock: A DOCKumentary,2024,,95,Documentary; Music & Musical,7.6,2556,tt34280353,1370580,tm1545764,https://www.imdb.com/title/tt34280353/
Movie,My Dad Wrote a Porno,My Dad Wrote a Porno,2019,,59,Comedy,6.2,528,tt8906266,545021,tm430956,https://www.imdb.com/title/tt8906266/
Movie,My Gift: A Christmas Special From Carrie Underwood,My Gift: A Christmas Special From Carrie Underwood,2020,,54,Music & Musical,6.5,188,tt13483104,770416,tm979287,https://www.imdb.com/title/tt13483104/
Movie,My Mom Jayne,My Mom Jayne,2025,,102,Documentary; Kids & Family,8.3,5335,tt36464353,1461714,tm1624551,https://www.imdb.com/title/tt36464353/
Movie,My So-Called High School Rank,My So-Called High School Rank,2022,,101,Documentary,6.5,111,tt22260918,1028062,tm1260211,https://www.imdb.com/title/tt22260918/
Movie,Natalie Wood: What Remains Behind,Natalie Wood: What Remains Behind,2020,,100,Documentary,7.1,1931,tt9435952,571123,tm450401,https://www.imdb.com/title/tt9435952/
Movie,Native Son,Native Son,2019,,104,Drama,5.7,3142,tt6566768,512199,tm432035,https://www.imdb.com/title/tt6566768/
Movie,Nightingale,Nightingale,2014,,83,Crime; Drama,6.4,2159,tt3042800,277662,tm211368,https://www.imdb.com/title/tt3042800/
Movie,Nikki Glaser: Good Clean Filth,Nikki Glaser: Good Clean Filth,2022,,59,Comedy,6.3,1222,tt16160708,993703,tm1230465,https://www.imdb.com/title/tt16160708/
Movie,Nikki Glaser: Someday You'll Die,Nikki Glaser: Someday You'll Die,2024,,60,Comedy; Drama,6.7,1845,tt32149504,1276771,tm1475313,https://www.imdb.com/title/tt32149504/
Movie,No Accident,No Accident,2023,,97,Documentary,6.5,452,tt28798353,1171371,tm1379879,https://www.imdb.com/title/tt28798353/
Movie,No One Dies in Lily Dale,No One Dies in Lily Dale,2011,,90,Documentary; Drama; History,5.7,173,tt1609145,139433,tm160949,https://www.imdb.com/title/tt1609145/
Movie,No Sudden Move,No Sudden Move,2021,,115,Crime; Drama; Mystery & Thriller,6.4,46237,tt11525644,649409,tm1037456,https://www.imdb.com/title/tt11525644/
Movie,O.G.,O.G.,2018,,113,Drama,6.2,3293,tt7897102,506558,tm376750,https://www.imdb.com/title/tt7897102/
Movie,Ocean's Eight,Ocean's Eight,2018,,110,Comedy; Crime; Mystery & Thriller,6.3,264671,tt5164214,402900,tm266647,https://www.imdb.com/title/tt5164214/
Movie,Ocean's Eleven,Ocean's Eleven,2001,,116,Crime; Mystery & Thriller,7.7,683543,tt0240772,161,tm38774,https://www.imdb.com/title/tt0240772/
Movie,Ocean's Thirteen,Ocean's Thirteen,2007,,122,Crime; Mystery & Thriller,6.9,390644,tt0496806,298,tm82525,https://www.imdb.com/title/tt0496806/
Movie,Ocean's Twelve,Ocean's Twelve,2004,,125,Crime; Mystery & Thriller,6.5,441861,tt0349903,163,tm85992,https://www.imdb.com/title/tt0349903/
Movie,One Battle After Another,One Battle After Another,2025,,162,Crime; Mystery & Thriller,7.6,445415,tt30144839,1054867,tm1459877,https://www.imdb.com/title/tt30144839/
Movie,One Nation Under Stress,One Nation Under Stress,2019,,69,Documentary,6.8,201,tt10350078,588894,tm463907,https://www.imdb.com/title/tt10350078/
Movie,Oslo,Oslo,2021,,118,Drama; History; Mystery & Thriller,6.7,6133,tt11790674,553087,tm1038183,https://www.imdb.com/title/tt11790674/
Movie,Our Towns,Our Towns,2021,,97,Documentary,6.5,429,tt14330162,812018,tm1031132,https://www.imdb.com/title/tt14330162/
Movie,Paterno,Paterno,2018,,105,Crime; Drama; Mystery & Thriller; Sport,6.5,8354,tt2388986,467867,tm373367,https://www.imdb.com/title/tt2388986/
Movie,Path to War,Path to War,2003,,165,Drama; History; War & Military,7.3,4847,tt0218505,31018,tm113510,https://www.imdb.com/title/tt0218505/
Movie,Paycheck to Paycheck: The Life & Times of Katrina Gilbert,Paycheck to Paycheck: The Life & Times of Katrina Gilbert,2014,,74,Documentary,7.3,225,tt3881494,259855,tm157418,https://www.imdb.com/title/tt3881494/
Movie,Pelosi in the House,Pelosi in the House,2022,,110,Documentary,5.8,1365,tt23852952,1054638,tm1282313,https://www.imdb.com/title/tt23852952/
Movie,People Magazine Investigates: The Secrets of the Twelve Tribes Cult,People Magazine Investigates: The Secrets of the Twelve Tribes Cult,2026,,84,Crime,,,,1654599,tm1978837,
Movie,Persona: The Dark Truth Behind Personality Tests,Persona: The Dark Truth Behind Personality Tests,2021,,85,Documentary,5.6,999,tt14173880,800164,tm1018180,https://www.imdb.com/title/tt14173880/
Movie,Pete Holmes: Faces and Sounds,Pete Holmes: Faces and Sounds,2016,,57,Comedy,7,925,tt6523668,426488,tm315909,https://www.imdb.com/title/tt6523668/
Movie,Phil Spector,Phil Spector,2013,,93,Drama; Music & Musical,6.2,8658,tt1745862,173153,tm188197,https://www.imdb.com/title/tt1745862/
Movie,Plastic Disasters,Plastic Disasters,2006,,60,Documentary,6,396,tt0818511,250013,tm28458,https://www.imdb.com/title/tt0818511/
Movie,Pokémon Detective Pikachu,Pokémon Detective Pikachu,2019,,105,Action & Adventure; Comedy; Fantasy; Kids & Family; Science-Fiction,6.5,199754,tt5884052,447404,tm363037,https://www.imdb.com/title/tt5884052/
Movie,Positively Naked,Positively Naked,2005,,39,Documentary; Drama,6.4,290,tt0469957,248887,tm437594,https://www.imdb.com/title/tt0469957/
Movie,Practical Magic,Practical Magic,1998,,104,Comedy; Drama; Fantasy; Romance,6.4,117848,tt0120791,6435,tm61517,https://www.imdb.com/title/tt0120791/
Movie,Primo,Primo,2005,,84,Drama,7.5,307,tt0466932,140831,tm178101,https://www.imdb.com/title/tt0466932/
Movie,Pu-239,Pu-239,2006,,97,Drama,6.7,4500,tt0472156,26431,tm21350,https://www.imdb.com/title/tt0472156/
Movie,Quad Gods,Quad Gods,2024,,90,Documentary,6.4,141,tt32139436,1275790,tm1474613,https://www.imdb.com/title/tt32139436/
Movie,Questioning Darwin,Questioning Darwin,2014,,56,Documentary,5.3,856,tt3528874,248888,tm158074,https://www.imdb.com/title/tt3528874/
Movie,Ramy Youssef: Feelings,Ramy Youssef: Feelings,2019,,60,Comedy,7,1142,tt10432620,612413,tm812586,https://www.imdb.com/title/tt10432620/
Movie,Ramy Youssef: In Love,Ramy Youssef: In Love,2026,,64,Comedy,6.9,316,tt41378543,1657502,tm2862179,https://www.imdb.com/title/tt41378543/
Movie,Ramy Youssef: More Feelings,Ramy Youssef: More Feelings,2024,,55,Comedy,6.9,858,tt31039503,1235761,tm1465219,https://www.imdb.com/title/tt31039503/
Movie,Real Women Have Curves,Real Women Have Curves,2002,,86,Comedy; Drama,6.9,8895,tt0296166,30309,tm117392,https://www.imdb.com/title/tt0296166/
Movie,Recount,Recount,2008,,116,Drama; History,7.3,14310,tt1000771,14050,tm30577,https://www.imdb.com/title/tt1000771/
Movie,Regular Show: The Movie,Regular Show: The Movie,2015,,69,Action & Adventure; Animation; Comedy; Fantasy; Kids & Family; Science-Fiction,7.5,7832,tt4920274,354857,tm220464,https://www.imdb.com/title/tt4920274/
Movie,Reopening Night,Reopening Night,2021,,85,Documentary,5.9,79,tt16288880,911518,tm1133070,https://www.imdb.com/title/tt16288880/
Movie,Rick and Morty in the Eternal Nightmare Machine,Rick and Morty in the Eternal Nightmare Machine,2021,,17,Action & Adventure; Animation; Science-Fiction,6.5,390,tt15027644,835752,tm1069008,https://www.imdb.com/title/tt15027644/
Movie,Rick and Morty vs. Genocider,Rick and Morty vs. Genocider,2020,,8,Action & Adventure; Animation; Drama; Mystery & Thriller,5.8,491,tt13124040,727799,tm919652,https://www.imdb.com/title/tt13124040/
Movie,Rick and Morty Yule Log,Rick and Morty Yule Log,2021,,35,Animation; Comedy; Science-Fiction,,,,1213707,tm1418711,
Movie,Rick and Morty: Summer Meets God (Rick Meets Evil),Rick and Morty: Summer Meets God (Rick Meets Evil),2021,,15,Animation; Science-Fiction,5.1,366,tt15168922,858068,tm1082925,https://www.imdb.com/title/tt15168922/
Movie,Rick and Morty: Summer's Sleepover,Rick and Morty: Summer's Sleepover,2022,,11,Animation; Comedy; Horror; Science-Fiction,5.1,444,tt23575228,1308451,tm1504024,https://www.imdb.com/title/tt23575228/
Movie,Rick and Morty: The Great Yokai Battle of Akihabara,Rick and Morty: The Great Yokai Battle of Akihabara,2021,,11,Comedy,5.8,334,tt15758280,884001,tm1113373,https://www.imdb.com/title/tt15758280/
Movie,Ricky Velez: Here's Everything,Ricky Velez: Here's Everything,2021,,57,Comedy,6.5,335,tt15475200,882898,tm1110904,https://www.imdb.com/title/tt15475200/
Movie,Risky Drinking,Risky Drinking,2016,,82,Documentary,6.6,548,tt6357342,432344,tm308433,https://www.imdb.com/title/tt6357342/
Movie,Robin Williams: Come Inside My Mind,Robin Williams: Come Inside My Mind,2018,,116,Comedy; Documentary,7.9,10462,tt7689966,493100,tm363512,https://www.imdb.com/title/tt7689966/
Movie,Robot Chicken: Self-Discovery Special,Robot Chicken: Self-Discovery Special,2025,,23,Animation; Comedy,6.4,21,tt37476657,1516468,tm1663181,https://www.imdb.com/title/tt37476657/
Movie,Rock and a Hard Place,Rock and a Hard Place,2017,,81,Documentary,7.2,1150,tt6241800,1158283,tm310307,https://www.imdb.com/title/tt6241800/
Movie,Rose Matafeo: On and On and On,Rose Matafeo: On and On and On,2024,,61,Comedy,6.1,173,tt34671774,1390010,tm1562046,https://www.imdb.com/title/tt34671774/
Movie,Running with Beto,Running with Beto,2019,,95,Documentary,6.1,656,tt8739240,575812,tm458012,https://www.imdb.com/title/tt8739240/
Movie,Salem's Lot,Salem's Lot,2024,,114,Horror; Mystery & Thriller,5.6,42734,tt10245072,748230,tm1100101,https://www.imdb.com/title/tt10245072/
Movie,Sam Jay: Salute Me or Shoot Me,Sam Jay: Salute Me or Shoot Me,2023,,60,Comedy,6.1,155,tt29280429,1177095,tm1385063,https://www.imdb.com/title/tt29280429/
Movie,Santa Camp,Santa Camp,2022,,93,Documentary; Reality TV,6.4,881,tt22748100,1043581,tm1271773,https://www.imdb.com/title/tt22748100/
Movie,Sarah Silverman: Someone You Love,Sarah Silverman: Someone You Love,2023,,57,Comedy,6.2,1444,tt27443713,1127846,tm1340408,https://www.imdb.com/title/tt27443713/
Movie,Sarah Squirm: Live + in the Flesh,Sarah Squirm: Live + in the Flesh,2025,,61,Comedy; Documentary,5.4,724,tt38556681,1567893,tm1899728,https://www.imdb.com/title/tt38556681/
Movie,Saudi Women's Driving School,Saudi Women's Driving School,2019,,65,Documentary,6.6,261,tt10720474,642239,tm825445,https://www.imdb.com/title/tt10720474/
Movie,Say Her Name: The Life and Death of Sandra Bland,Say Her Name: The Life and Death of Sandra Bland,2018,,105,Documentary,7.1,792,tt8106584,511689,tm404386,https://www.imdb.com/title/tt8106584/
Movie,"Say Hey, Willie Mays!","Say Hey, Willie Mays!",2022,,98,Documentary; Sport,7.6,603,tt14596934,1029966,tm1261547,https://www.imdb.com/title/tt14596934/
Movie,Serial Killer Serial Liar Levi Bellfield: A Faking It Special,Serial Killer Serial Liar Levi Bellfield: A Faking It Special,2024,,45,Documentary,5.9,17,tt33054412,1488660,tm1517375,https://www.imdb.com/title/tt33054412/
Movie,Seth Meyers: Dad Man Walking,Seth Meyers: Dad Man Walking,2024,,61,Comedy,6.8,953,tt33749189,1360823,tm1543746,https://www.imdb.com/title/tt33749189/
Movie,Share,Share,2019,,89,Crime; Drama; Mystery & Thriller,5.6,2404,tt7007696,510355,tm446406,https://www.imdb.com/title/tt7007696/
Movie,She Who Dares,She Who Dares,2016,,46,Documentary; Drama,,,tt6352654,,tm1825938,https://www.imdb.com/title/tt6352654/
Movie,Showbiz Kids,Showbiz Kids,2020,,95,Documentary; Drama; History,7,2258,tt3197274,585530,tm461196,https://www.imdb.com/title/tt3197274/
Movie,"Siempre, Luis","Siempre, Luis",2020,,95,Documentary,,,,654997,tm846155,
Movie,Simple as Water,Simple as Water,2021,,97,Documentary,6.9,303,tt8923510,698499,tm889002,https://www.imdb.com/title/tt8923510/
Movie,Siren: The Voices of Shelley Beattie,Siren: The Voices of Shelley Beattie,2025,,103,Documentary,6,6,tt38516475,1552433,tm1866075,https://www.imdb.com/title/tt38516475/
Movie,Skinheads USA: Soldiers of the Race War,Skinheads USA: Soldiers of the Race War,1993,,54,Documentary,6.3,522,tt0108156,333185,tm313863,https://www.imdb.com/title/tt0108156/
Movie,Smallfoot,Smallfoot,2018,,96,Animation; Comedy; Drama; Fantasy; Kids & Family,6.6,46298,tt6182908,446894,tm312638,https://www.imdb.com/title/tt6182908/
Movie,Something the Lord Made,Something the Lord Made,2004,,110,Drama,8,18291,tt0386792,20544,tm87062,https://www.imdb.com/title/tt0386792/
Movie,Sometimes in April,Sometimes in April,2005,,140,Drama; History; War & Military; Made in Europe,7.7,6591,tt0400063,16374,tm161811,https://www.imdb.com/title/tt0400063/
Movie,Song of Parkland,Song of Parkland,2019,,30,Documentary; Drama,6.2,114,tt9701028,580638,tm457769,https://www.imdb.com/title/tt9701028/
Movie,Sons of Ecstasy,Sons of Ecstasy,2025,,91,Crime; Documentary,5.6,389,tt35257732,1411287,tm1579880,https://www.imdb.com/title/tt35257732/
Movie,"South Park: Bigger, Longer & Uncut","South Park: Bigger, Longer & Uncut",1999,,81,Animation; Comedy; Fantasy,7.7,224538,tt0158983,9473,tm46759,https://www.imdb.com/title/tt0158983/
Movie,South to Black Power,South to Black Power,2023,,89,Documentary,5,247,tt21630662,1132495,tm1397252,https://www.imdb.com/title/tt21630662/
Movie,Space Jam,Space Jam,1996,,88,Animation; Comedy; Fantasy; Kids & Family; Science-Fiction; Sport,6.5,231839,tt0117705,2300,tm112659,https://www.imdb.com/title/tt0117705/
Movie,Space Jam: A New Legacy,Space Jam: A New Legacy,2021,,115,Action & Adventure; Animation; Comedy; Fantasy; Kids & Family; Science-Fiction; Sport,4.5,88432,tt3554046,379686,tm434041,https://www.imdb.com/title/tt3554046/
Movie,Spielberg,Spielberg,2017,,147,Documentary,7.7,8456,tt7133092,467062,tm347715,https://www.imdb.com/title/tt7133092/
Movie,Spring Awakening: Those You've Known,Spring Awakening: Those You've Known,2022,,83,Documentary; Music & Musical,,,,959130,tm1191092,
Movie,Stand Up & Shout: Songs from a Philly High School,Stand Up & Shout: Songs from a Philly High School,2023,,54,Documentary,6.6,57,tt29417104,1189028,tm1395778,https://www.imdb.com/title/tt29417104/
Movie,Starter for 10,Starter for 10,2006,,96,Comedy; Drama; Romance,6.7,27223,tt0477095,14055,tm25742,https://www.imdb.com/title/tt0477095/
Movie,Steven Universe: The Movie,Steven Universe: The Movie,2019,,82,Action & Adventure; Animation; Comedy; Drama; Fantasy; Kids & Family; Science-Fiction,7.7,11491,tt10515852,537061,tm818328,https://www.imdb.com/title/tt10515852/
Movie,Stockton on My Mind,Stockton on My Mind,2020,,89,Documentary,6.6,196,tt11905696,712393,tm898383,https://www.imdb.com/title/tt11905696/
Movie,Stolen Children,Stolen Children,2025,,97,Documentary,7,231,tt39177948,1583382,tm1917094,https://www.imdb.com/title/tt39177948/
Movie,Stolen Daughters: Kidnapped By Boko Haram,Stolen Daughters: Kidnapped By Boko Haram,2018,,79,Documentary,6.6,302,tt8385108,543638,tm430026,https://www.imdb.com/title/tt8385108/
Movie,Strip Search,Strip Search,2004,,120,Drama,6.1,2089,tt0376215,41847,tm80927,https://www.imdb.com/title/tt0376215/
Movie,Stuart: A Life Backwards,Stuart: A Life Backwards,2007,,92,Drama,7.6,16675,tt0853153,50032,tm82128,https://www.imdb.com/title/tt0853153/
Movie,Sugar,Sugar,2008,,114,Drama; Sport,7.1,5552,tt0990413,17003,tm36454,https://www.imdb.com/title/tt0990413/
Movie,Suicide Squad,Suicide Squad,2016,,122,Action & Adventure; Fantasy; Science-Fiction,5.9,766780,tt1386697,297761,tm122844,https://www.imdb.com/title/tt1386697/
Movie,Super/Man: The Christopher Reeve Story,Super/Man: The Christopher Reeve Story,2024,,104,Documentary,8,11902,tt27902121,1128559,tm1420132,https://www.imdb.com/title/tt27902121/
Movie,Supergirl,Supergirl,2026,,108,Action & Adventure; Fantasy; Science-Fiction,5.8,97884,tt8814476,1081003,tm1486845,https://www.imdb.com/title/tt8814476/
Movie,Supergirl,Supergirl,1984,,124,Action & Adventure; Fantasy; Romance; Science-Fiction,4.4,26179,tt0088206,9651,tm174462,https://www.imdb.com/title/tt0088206/
Movie,Superman,Superman,2025,,130,Action & Adventure; Science-Fiction,7,443215,tt5950044,1061474,tm1303572,https://www.imdb.com/title/tt5950044/
Movie,Surveilled,Surveilled,2024,,60,Documentary,6.3,799,tt33813121,1369240,tm1555563,https://www.imdb.com/title/tt33813121/
Movie,Surviving Ohio State,Surviving Ohio State,2025,,111,Documentary,7.7,1451,tt14263818,1465569,tm1624396,https://www.imdb.com/title/tt14263818/
Movie,Sweethearts,Sweethearts,2024,,98,Comedy; Romance,5.5,5067,tt14636214,999890,tm1530703,https://www.imdb.com/title/tt14636214/
Movie,T.J. Miller: Meticulously Ridiculous,T.J. Miller: Meticulously Ridiculous,2017,,59,Comedy,4.9,450,tt7094312,459794,tm325007,https://www.imdb.com/title/tt7094312/
Movie,Taking Chance,Taking Chance,2009,,77,Drama; War & Military,7.4,18885,tt1019454,25405,tm152458,https://www.imdb.com/title/tt1019454/
Movie,Taylor Mac's 24-Decade History of Popular Music,Taylor Mac's 24-Decade History of Popular Music,2023,,106,Documentary; Music & Musical,7.7,172,tt27549751,1115363,tm1334806,https://www.imdb.com/title/tt27549751/
Movie,Temple Grandin,Temple Grandin,2010,,108,Drama; History,8.2,37416,tt1278469,33602,tm98277,https://www.imdb.com/title/tt1278469/
Movie,The A List: 15 Stories from Asian and Pacific Diasporas,The A List: 15 Stories from Asian and Pacific Diasporas,2026,,84,Documentary,7.3,82,tt38637477,1559776,tm1898663,https://www.imdb.com/title/tt38637477/
Movie,The Accountant,The Accountant,2016,,128,Action & Adventure; Crime; Drama; Mystery & Thriller,7.3,403006,tt2140479,302946,tm204161,https://www.imdb.com/title/tt2140479/
Movie,The Alabama Solution,The Alabama Solution,2025,,117,Documentary,7.8,6649,tt35307139,1413805,tm1581787,https://www.imdb.com/title/tt35307139/
Movie,The Apollo,The Apollo,2019,,98,Documentary; Made in Europe,6.8,756,tt7935908,585527,tm461190,https://www.imdb.com/title/tt7935908/
Movie,The Batman,The Batman,2022,,177,Action & Adventure; Crime; Drama; Mystery & Thriller,7.8,949026,tt1877830,414906,tm244142,https://www.imdb.com/title/tt1877830/
Movie,The Bride!,The Bride!,2026,,127,Drama; Fantasy; Horror; Romance; Science-Fiction,5.6,38111,tt30851137,1159831,tm1458418,https://www.imdb.com/title/tt30851137/
Movie,The Cherokee Kid,The Cherokee Kid,1996,,91,Action & Adventure; Comedy; Drama; Kids & Family; Western,6,1985,tt0115875,56281,tm111008,https://www.imdb.com/title/tt0115875/
Movie,The Cheshire Murders,The Cheshire Murders,2013,,115,Crime; Documentary,6.5,3700,tt2934036,209204,tm176646,https://www.imdb.com/title/tt2934036/
Movie,The Color Purple,The Color Purple,2023,,141,Drama,6.8,17544,tt1200263,558915,tm985871,https://www.imdb.com/title/tt1200263/
Movie,The Commandant's Shadow,The Commandant's Shadow,2024,,103,Documentary; History; War & Military,7.4,1399,tt32020404,1277783,tm1468614,https://www.imdb.com/title/tt32020404/
Movie,The Conjuring: Last Rites,The Conjuring: Last Rites,2025,,136,Horror; Mystery & Thriller,6.2,109629,tt22898462,1038392,tm1324616,https://www.imdb.com/title/tt22898462/
Movie,The Curse of Robert the Doll,The Curse of Robert the Doll,2022,,81,Documentary; Horror,,,,1033801,tm1386755,
Movie,The Curse of the Necklace,The Curse of the Necklace,2024,,95,Horror; Mystery & Thriller,4.4,2192,tt32276246,1293263,tm1537125,https://www.imdb.com/title/tt32276246/
Movie,The Dark Knight,The Dark Knight,2008,,152,Crime; Mystery & Thriller,9.1,3226741,tt0468569,155,tm56184,https://www.imdb.com/title/tt0468569/
Movie,The Dark Knight Rises,The Dark Knight Rises,2012,,165,Action & Adventure; Crime; Drama; Mystery & Thriller,8.4,2027399,tt1345836,49026,tm39888,https://www.imdb.com/title/tt1345836/
Movie,The Day Sports Stood Still,The Day Sports Stood Still,2021,,95,Documentary; Sport,5.9,576,tt12363832,804244,tm1023985,https://www.imdb.com/title/tt12363832/
Movie,The Devil Is Busy,The Devil Is Busy,2024,,32,Documentary,6.9,2435,tt34205548,1373150,tm1547897,https://www.imdb.com/title/tt34205548/
Movie,The Devil's Child,The Devil's Child,1997,,90,Drama; Horror; Mystery & Thriller,4,605,tt0123036,148993,tm210842,https://www.imdb.com/title/tt0123036/
Movie,The End,The End,2004,,84,Documentary; Made in Europe,7.3,163,tt0402162,185644,tm308754,https://www.imdb.com/title/tt0402162/
Movie,The Enemy Within,The Enemy Within,1994,,86,Drama; Mystery & Thriller,5.7,2089,tt0109730,59121,tm117749,https://www.imdb.com/title/tt0109730/
Movie,The Family McMullen,The Family McMullen,2025,,110,Comedy; Drama; Kids & Family; Romance,6,1870,tt35495052,1548017,tm1860451,https://www.imdb.com/title/tt35495052/
Movie,The Fastest Woman on Earth,The Fastest Woman on Earth,2022,,104,Documentary; Sport,7.6,570,tt22687772,1034195,tm1264919,https://www.imdb.com/title/tt22687772/
Movie,The Fever,The Fever,2004,,83,Drama,5.6,1440,tt0368725,64192,tm91136,https://www.imdb.com/title/tt0368725/
Movie,The Forever Prisoner,The Forever Prisoner,2021,,119,Crime; Documentary,7.4,1056,tt16154112,902547,tm1129730,https://www.imdb.com/title/tt16154112/
Movie,The Fresh Prince of Bel-Air Reunion,The Fresh Prince of Bel-Air Reunion,2020,,75,Documentary,8.1,4266,tt13315308,738362,tm974617,https://www.imdb.com/title/tt13315308/
Movie,The Gathering Storm,The Gathering Storm,2002,,96,Drama; History; Made in Europe,7.4,7968,tt0314097,36464,tm105967,https://www.imdb.com/title/tt0314097/
Movie,The Grindr Killer Scandal: A Faking It Special,The Grindr Killer Scandal: A Faking It Special,2024,,45,Crime; Documentary,5.2,42,tt33054399,1358140,tm1517357,https://www.imdb.com/title/tt33054399/
Movie,The Hangover,The Hangover,2009,,100,Comedy,7.7,944591,tt1119646,18785,tm137072,https://www.imdb.com/title/tt1119646/
Movie,The Hangover Part II,The Hangover Part II,2011,,102,Comedy,6.5,586071,tt1411697,45243,tm167643,https://www.imdb.com/title/tt1411697/
Movie,The Hangover Part III,The Hangover Part III,2013,,100,Comedy; Crime,5.9,368907,tt1951261,109439,tm166238,https://www.imdb.com/title/tt1951261/
Movie,The Iceman and the Psychiatrist,The Iceman and the Psychiatrist,2004,,48,Crime; Documentary; Horror; Mystery & Thriller,7.7,1546,tt0875695,278388,tm91958,https://www.imdb.com/title/tt0875695/
Movie,The Iceman Confesses: Secrets of a Mafia Hitman,The Iceman Confesses: Secrets of a Mafia Hitman,2001,,43,Crime; Documentary; Horror; Mystery & Thriller,7.5,1800,tt0347228,216043,tm55092,https://www.imdb.com/title/tt0347228/
Movie,The Iceman Tapes: Conversations with a Killer,The Iceman Tapes: Conversations with a Killer,1992,,47,Crime; Documentary; Horror; Mystery & Thriller,,,,118424,tm126731,
Movie,The Idaho College Murders: Catching Kohberger,The Idaho College Murders: Catching Kohberger,2026,,63,Crime; Documentary,5.3,56,tt43751675,,tm2957064,https://www.imdb.com/title/tt43751675/
Movie,The Immortal Life of Henrietta Lacks,The Immortal Life of Henrietta Lacks,2017,,93,Drama; History,6.4,4309,tt5686132,424600,tm312928,https://www.imdb.com/title/tt5686132/
Movie,The Insurrectionist Next Door,The Insurrectionist Next Door,2023,,75,Documentary,6.3,836,tt29466126,1189671,tm1396474,https://www.imdb.com/title/tt29466126/
Movie,The Inventor: Out for Blood in Silicon Valley,The Inventor: Out for Blood in Silicon Valley,2019,,119,Crime; Documentary,7.2,16727,tt8488126,566228,tm446624,https://www.imdb.com/title/tt8488126/
Movie,The Invisible Guest,The Invisible Guest,2026,,121,Crime; Drama; Mystery & Thriller,6.3,131,tt17497130,1058588,tm2896079,https://www.imdb.com/title/tt17497130/
Movie,The Jack Bull,The Jack Bull,1999,,116,Drama; Western,6.8,5983,tt0171410,16331,tm46182,https://www.imdb.com/title/tt0171410/
Movie,The Janes,The Janes,2022,,101,Documentary,7.6,1658,tt16377356,913829,tm1138246,https://www.imdb.com/title/tt16377356/
Movie,The Last Cruise,The Last Cruise,2021,,40,Documentary,6.4,1691,tt13415790,800394,tm1005150,https://www.imdb.com/title/tt13415790/
Movie,The Last of His Tribe,The Last of His Tribe,1992,,90,Drama; Romance; Western,6.8,731,tt0104690,412296,tm282398,https://www.imdb.com/title/tt0104690/
Movie,The Last Outlaw,The Last Outlaw,1993,,93,Action & Adventure; Drama; Western,6.1,3717,tt0110307,20333,tm187412,https://www.imdb.com/title/tt0110307/
Movie,The Late Shift,The Late Shift,1996,,95,Comedy; Drama,6.7,4066,tt0116835,30330,tm107842,https://www.imdb.com/title/tt0116835/
Movie,The Legend of the Underground,The Legend of the Underground,2021,,86,Documentary,6.8,193,tt14495434,821969,tm1037532,https://www.imdb.com/title/tt14495434/
Movie,The Lego Batman Movie,The Lego Batman Movie,2017,,104,Action & Adventure; Animation; Comedy; Fantasy; Kids & Family; Science-Fiction; Made in Europe,7.3,197598,tt4116284,324849,tm196644,https://www.imdb.com/title/tt4116284/
Movie,The Lego Movie,The Lego Movie,2014,,100,Action & Adventure; Animation; Comedy; Fantasy; Kids & Family; Science-Fiction; Made in Europe,7.7,421330,tt1490017,137106,tm154995,https://www.imdb.com/title/tt1490017/
Movie,The Lego Movie 2: The Second Part,The Lego Movie 2: The Second Part,2019,,107,Action & Adventure; Animation; Comedy; Fantasy; Kids & Family; Science-Fiction; Made in Europe,6.5,86977,tt3513498,280217,tm391,https://www.imdb.com/title/tt3513498/
Movie,The Lego Ninjago Movie,The Lego Ninjago Movie,2017,,101,Action & Adventure; Animation; Comedy; Drama; Fantasy; Kids & Family; Mystery & Thriller; Science-Fiction,6.1,35530,tt3014284,274862,tm120397,https://www.imdb.com/title/tt3014284/
Movie,The Leisure Class,The Leisure Class,2015,,81,Comedy,3.9,2100,tt5045592,363810,tm228664,https://www.imdb.com/title/tt5045592/
Movie,The Lord of the Rings: The Fellowship of the Ring,The Lord of the Rings: The Fellowship of the Ring,2001,,179,Action & Adventure; Drama; Fantasy,8.9,2236693,tt0120737,120,tm44313,https://www.imdb.com/title/tt0120737/
Movie,The Lord of the Rings: The Return of the King,The Lord of the Rings: The Return of the King,2003,,201,Action & Adventure; Drama; Fantasy,9,2192931,tt0167260,122,tm142381,https://www.imdb.com/title/tt0167260/
Movie,The Lord of the Rings: The Two Towers,The Lord of the Rings: The Two Towers,2002,,180,Action & Adventure; Drama; Fantasy,8.8,1983654,tt0167261,121,tm115982,https://www.imdb.com/title/tt0167261/
Movie,The Lord of the Rings: The War of the Rohirrim,The Lord of the Rings: The War of the Rohirrim,2024,,134,Action & Adventure; Animation; Drama; Fantasy; History,6.3,41930,tt14824600,839033,tm1171312,https://www.imdb.com/title/tt14824600/
Movie,The Match That Changed Tennis,The Match That Changed Tennis,2026,,46,Documentary; Sport,7.6,105,tt39393412,1621024,tm1948978,https://www.imdb.com/title/tt39393412/
Movie,The Matrix,The Matrix,1999,,136,Action & Adventure; Science-Fiction,8.7,2278016,tt0133093,603,tm10,https://www.imdb.com/title/tt0133093/
Movie,The Matrix Reloaded,The Matrix Reloaded,2003,,138,Action & Adventure; Mystery & Thriller; Science-Fiction,7.2,676817,tt0234215,604,tm11,https://www.imdb.com/title/tt0234215/
Movie,The Matrix Resurrections,The Matrix Resurrections,2021,,148,Action & Adventure; Science-Fiction,5.6,306848,tt10838180,624860,tm827124,https://www.imdb.com/title/tt10838180/
Movie,The Matrix Revolutions,The Matrix Revolutions,2003,,129,Action & Adventure; Mystery & Thriller; Science-Fiction,6.8,580284,tt0242653,605,tm12,https://www.imdb.com/title/tt0242653/
Movie,The Meg,The Meg,2018,,113,Action & Adventure; Horror; Mystery & Thriller; Science-Fiction,5.7,232244,tt4779682,345940,tm244140,https://www.imdb.com/title/tt4779682/
Movie,The New Dawn of Tennis,The New Dawn of Tennis,2026,,46,Documentary; Sport,,,tt43693811,1717774,tm2896797,https://www.imdb.com/title/tt43693811/
Movie,The Normal Heart,The Normal Heart,2014,,133,Drama; History; Romance,7.9,40128,tt1684226,113833,tm156864,https://www.imdb.com/title/tt1684226/
Movie,The Number on Great-Grandpa's Arm,The Number on Great-Grandpa's Arm,2018,,19,Documentary,7.6,371,tt7758866,497274,tm366944,https://www.imdb.com/title/tt7758866/
Movie,The One with Hope,The One with Hope,2024,,65,Documentary,,,,1303181,tm1499147,
Movie,The Pentagon Wars,The Pentagon Wars,1998,,104,Comedy; Drama; War & Military; Made in Europe,7.1,6200,tt0144550,14439,tm54397,https://www.imdb.com/title/tt0144550/
Movie,The Perfect Weapon,The Perfect Weapon,2020,,87,Crime; Documentary,7.2,1274,tt11354168,728209,tm937378,https://www.imdb.com/title/tt11354168/
Movie,The Prestige,The Prestige,2006,,130,Drama; Mystery & Thriller; Science-Fiction,8.5,1626055,tt0482571,1124,tm22747,https://www.imdb.com/title/tt0482571/
Movie,The Ringleader: The Case of the Bling Ring,The Ringleader: The Case of the Bling Ring,2023,,95,Crime; Documentary,5.6,403,tt29258210,1181623,tm1389423,https://www.imdb.com/title/tt29258210/
Movie,The Robot Chicken [adult swim] 25th Anniversary Special,The Robot Chicken [adult swim] 25th Anniversary Special,2026,,22,Animation; Comedy,6.1,252,tt43621644,1737768,tm2946158,https://www.imdb.com/title/tt43621644/
Movie,The Secrets We Bury,The Secrets We Bury,2025,,84,Documentary; Mystery & Thriller,6.4,650,tt38583199,1547024,tm1859434,https://www.imdb.com/title/tt38583199/
Movie,The Serial Killer's Apprentice,The Serial Killer's Apprentice,2025,,83,Crime; Documentary,,,,1531747,tm1674936,
Movie,The Shuffle,The Shuffle,2025,,40,Documentary; Sport,6.6,216,tt38939410,1580651,tm1914945,https://www.imdb.com/title/tt38939410/
Movie,The Slow Hustle,The Slow Hustle,2021,,90,Crime; Documentary,6.6,659,tt14810616,833654,tm1045387,https://www.imdb.com/title/tt14810616/
Movie,The Soul of America,The Soul of America,2020,,77,Documentary,7.3,582,tt12944564,754334,tm945732,https://www.imdb.com/title/tt12944564/
Movie,The Special Relationship,The Special Relationship,2010,,93,Drama; History,6.7,5295,tt1117646,45371,tm102092,https://www.imdb.com/title/tt1117646/
Movie,The Stroll,The Stroll,2023,,84,Documentary,7.2,951,tt24079774,1058623,tm1289950,https://www.imdb.com/title/tt24079774/
Movie,The Suicide Squad,The Suicide Squad,2021,,132,Action & Adventure; Comedy; Science-Fiction,7.2,465991,tt6334354,436969,tm299698,https://www.imdb.com/title/tt6334354/
Movie,The Sunset Limited,The Sunset Limited,2011,,91,Drama,7.3,34051,tt1510938,56831,tm172217,https://www.imdb.com/title/tt1510938/
Movie,The Swamp,The Swamp,2020,,114,Documentary; Drama; Horror; Romance,6.6,805,tt12762002,725239,tm918114,https://www.imdb.com/title/tt12762002/
Movie,The Tale,The Tale,2018,,115,Drama; Mystery & Thriller,7.2,21795,tt4015500,369523,tm361399,https://www.imdb.com/title/tt4015500/
Movie,The Terry Fox Story,The Terry Fox Story,1983,,97,Drama; Sport,6.8,822,tt0086427,88130,tm64770,https://www.imdb.com/title/tt0086427/
Movie,The Truth About Killer Robots,The Truth About Killer Robots,2018,,85,Documentary,5.8,471,tt5715832,543086,tm429643,https://www.imdb.com/title/tt5715832/
Movie,The Truth vs. Alex Jones,The Truth vs. Alex Jones,2024,,115,Crime; Documentary,7.4,3394,tt31189901,1242397,tm1444932,https://www.imdb.com/title/tt31189901/
Movie,The Tuskegee Airmen,The Tuskegee Airmen,1995,,106,Drama; History; War & Military,7.1,7913,tt0114745,31894,tm16303,https://www.imdb.com/title/tt0114745/
Movie,The Vagina Monologues,The Vagina Monologues,2002,,76,Comedy; Documentary; Drama,6.5,1190,tt0244283,36945,tm112715,https://www.imdb.com/title/tt0244283/
Movie,The Weeknd: Live at SoFi Stadium,The Weeknd: Live at SoFi Stadium,2023,,98,Music & Musical,7.8,660,tt26685153,1081789,tm1306271,https://www.imdb.com/title/tt26685153/
Movie,The Welcome Table,The Welcome Table,2026,,131,Documentary; Drama,4.9,162,tt42907611,1699970,tm2884509,https://www.imdb.com/title/tt42907611/
Movie,The Wizard of Lies,The Wizard of Lies,2017,,133,Crime; Drama,6.8,33372,tt1933667,363992,tm229671,https://www.imdb.com/title/tt1933667/
Movie,"There Is No ""I"" in Threesome","There Is No ""I"" in Threesome",2021,,87,Documentary; Drama,5.6,1181,tt8368380,790846,tm996338,https://www.imdb.com/title/tt8368380/
Movie,They Will Kill You,They Will Kill You,2026,,95,Action & Adventure; Comedy; Horror; Mystery & Thriller,6.3,51791,tt31728330,1292695,tm1875155,https://www.imdb.com/title/tt31728330/
Movie,Thin,Thin,2005,,102,Documentary,7.4,2257,tt0492496,45051,tm21185,https://www.imdb.com/title/tt0492496/
Movie,Thought Crimes,Thought Crimes,2015,,81,Crime; Documentary,6.3,2084,tt4503900,333382,tm205306,https://www.imdb.com/title/tt4503900/
Movie,Thoughts & Prayers,Thoughts & Prayers,2025,,88,Documentary,6.5,589,tt38633124,1559760,tm1874786,https://www.imdb.com/title/tt38633124/
Movie,Time Bomb Y2K,Time Bomb Y2K,2023,,81,Documentary,6.2,1168,tt26786629,1088233,tm1310232,https://www.imdb.com/title/tt26786629/
Movie,Time to Dance,Time to Dance,2023,,60,Documentary,,,,1613344,tm1942939,
Movie,Tiny Toons Looniversity: Spring Beak,Tiny Toons Looniversity: Spring Beak,2024,,47,Animation,,,,1367842,tm1543528,
Movie,Tom & Jerry,Tom & Jerry,2021,,101,Animation; Comedy; Fantasy; Kids & Family,5.3,40556,tt1361841,587807,tm462899,https://www.imdb.com/title/tt1361841/
Movie,Tony Hawk: Until the Wheels Fall Off,Tony Hawk: Until the Wheels Fall Off,2022,,129,Documentary; Sport,8,5490,tt16118722,881198,tm1143365,https://www.imdb.com/title/tt16118722/
Movie,Too Big to Fail,Too Big to Fail,2011,,97,Drama; History; Made in Europe,7.3,19505,tt1742683,65034,tm182676,https://www.imdb.com/title/tt1742683/
Movie,Torn Apart: Separated at the Border,Torn Apart: Separated at the Border,2019,,39,Documentary,5.9,58,tt10720334,625323,tm827433,https://www.imdb.com/title/tt10720334/
Movie,Totem,Totem,2017,,89,Horror; Mystery & Thriller; Made in Europe,4.5,2661,tt6791238,483737,tm356194,https://www.imdb.com/title/tt6791238/
Movie,Tour de Pharmacy,Tour de Pharmacy,2017,,40,Comedy; Sport,7.1,14114,tt5886510,458506,tm322707,https://www.imdb.com/title/tt5886510/
Movie,Tracy Morgan: Takin' It Too Far,Tracy Morgan: Takin' It Too Far,2023,,50,Comedy; Documentary,4.6,272,tt11459784,1156837,tm1366738,https://www.imdb.com/title/tt11459784/
Movie,Transhood,Transhood,2020,,96,Documentary,5.6,1708,tt11447806,695762,tm872994,https://www.imdb.com/title/tt11447806/
Movie,Trap,Trap,2024,,105,Crime; Horror; Mystery & Thriller,5.8,172308,tt26753003,1032823,tm1264034,https://www.imdb.com/title/tt26753003/
Movie,Trees and Other Entanglements,Trees and Other Entanglements,2023,,115,Documentary,6.5,515,tt27662275,1211814,tm1416826,https://www.imdb.com/title/tt27662275/
Movie,True Justice: Bryan Stevenson's Fight for Equality,True Justice: Bryan Stevenson's Fight for Equality,2019,,102,Documentary,8.3,377,tt10260408,604920,tm602038,https://www.imdb.com/title/tt10260408/
Movie,Turtles All the Way Down,Turtles All the Way Down,2024,,111,Drama; Romance,6.6,9317,tt7737224,574451,tm1467951,https://www.imdb.com/title/tt7737224/
Movie,Tyson,Tyson,1995,,110,Drama; Sport,6.2,2832,tt0114759,50114,tm10732,https://www.imdb.com/title/tt0114759/
Movie,Under the Grapefruit Tree: The CC Sabathia Story,Under the Grapefruit Tree: The CC Sabathia Story,2020,,67,Documentary,7.2,298,tt13692182,778743,tm985635,https://www.imdb.com/title/tt13692182/
Movie,Unpregnant,Unpregnant,2020,,104,Comedy; Drama,6.5,11371,tt10556022,632666,tm834029,https://www.imdb.com/title/tt10556022/
Movie,Vendetta,Vendetta,1999,,117,Drama; History,6.1,1442,tt0162735,105462,tm46286,https://www.imdb.com/title/tt0162735/
Movie,Very Ralph,Very Ralph,2019,,108,Documentary,6.9,987,tt10701384,618597,tm823157,https://www.imdb.com/title/tt10701384/
Movie,Walkout,Walkout,2006,,110,Drama; History,6.8,1534,tt0452703,93511,tm22340,https://www.imdb.com/title/tt0452703/
Movie,Warm Springs,Warm Springs,2005,,121,Drama,7.4,3581,tt0423510,46661,tm172690,https://www.imdb.com/title/tt0423510/
Movie,Warning: This Drug May Kill You,Warning: This Drug May Kill You,2017,,60,Documentary,7.2,739,tt6710212,452372,tm317435,https://www.imdb.com/title/tt6710212/
Movie,Wartorn: 1861-2010,Wartorn: 1861-2010,2010,,68,Documentary; War & Military,7.7,680,tt1754858,49542,tm92918,https://www.imdb.com/title/tt1754858/
Movie,We Bare Bears: The Movie,We Bare Bears: The Movie,2020,,69,Action & Adventure; Animation; Comedy; Fantasy; Kids & Family,6.8,3250,tt10474606,677638,tm894108,https://www.imdb.com/title/tt10474606/
Movie,We Beat the Dream Team,We Beat the Dream Team,2025,,83,Documentary; Sport,7.3,724,tt35669835,1429886,tm1594675,https://www.imdb.com/title/tt35669835/
Movie,We Met in Virtual Reality,We Met in Virtual Reality,2022,,95,Animation; Documentary,6,643,tt16378482,913850,tm1138292,https://www.imdb.com/title/tt16378482/
Movie,We Stand Alone Together: The Men of Easy Company,We Stand Alone Together: The Men of Easy Company,2001,,78,Documentary; War & Military,8.5,3145,tt0302022,235199,tm55883,https://www.imdb.com/title/tt0302022/
Movie,Weapons,Weapons,2025,,128,Horror; Mystery & Thriller,7.4,399360,tt26581740,1078605,tm1486839,https://www.imdb.com/title/tt26581740/
Movie,What Happened on September 11,What Happened on September 11,2019,,30,Documentary; Drama; History,5.8,461,tt10920662,630338,tm832906,https://www.imdb.com/title/tt10920662/
Movie,What If The War Ends Tomorrow?,A jesli jutro wojna sie skonczy,2023,,60,Documentary; War & Military,6.4,18,tt31389979,1312286,tm1449012,https://www.imdb.com/title/tt31389979/
Movie,What Killed Maradona?,What Killed Maradona?,2021,,48,Documentary,6.3,226,tt14140740,825031,tm1039579,https://www.imdb.com/title/tt14140740/
Movie,When Trumpets Fade,When Trumpets Fade,1998,,95,Action & Adventure; Drama; War & Military,7,9425,tt0135706,13935,tm51481,https://www.imdb.com/title/tt0135706/
Movie,When We Were Bullies,When We Were Bullies,2021,,36,Documentary,5.4,1425,tt13796488,776769,tm983967,https://www.imdb.com/title/tt13796488/
Movie,White Light/Black Rain: The Destruction of Hiroshima and Nagasaki,White Light/Black Rain: The Destruction of Hiroshima and Nagasaki,2007,,86,Documentary; History; War & Military,8.2,2594,tt0911010,33588,tm70105,https://www.imdb.com/title/tt0911010/
Movie,White Mile,White Mile,1994,,96,Drama; Mystery & Thriller; Sport,5.7,936,tt0111704,110570,tm117765,https://www.imdb.com/title/tt0111704/
Movie,Whitmer Thomas: Terminal Crew of Dudes,Whitmer Thomas: Terminal Crew of Dudes,2026,,60,Comedy; Documentary,5.7,51,tt36428359,1490260,tm2943777,https://www.imdb.com/title/tt36428359/
Movie,Who Is Luigi Mangione?,Who Is Luigi Mangione?,2025,,42,Crime; Documentary,4.8,795,tt35816740,1433947,tm1598047,https://www.imdb.com/title/tt35816740/
Movie,Wild Card: The Downfall of a Radio Loudmouth,Wild Card: The Downfall of a Radio Loudmouth,2020,,76,Documentary; Sport,6.2,290,tt13085760,746764,tm937015,https://www.imdb.com/title/tt13085760/
Movie,Witch Hunt,Witch Hunt,1994,,100,Comedy; Crime; Fantasy; Horror,5.5,2103,tt0111730,41595,tm115925,https://www.imdb.com/title/tt0111730/
Movie,Witness Protection,Witness Protection,1999,,105,Crime; Drama,6.2,2445,tt0191655,98431,tm44401,https://www.imdb.com/title/tt0191655/
Movie,Wonder Woman,Wonder Woman,2017,,141,Action & Adventure; Fantasy; Science-Fiction; War & Military,7.3,741743,tt0451279,297762,tm11937,https://www.imdb.com/title/tt0451279/
Movie,Wonder Woman 1984,Wonder Woman 1984,2020,,151,Action & Adventure; Fantasy,5.4,295723,tt7126948,464052,tm328069,https://www.imdb.com/title/tt7126948/
Movie,Wonka,Wonka,2023,,116,Comedy; Drama; Fantasy; Kids & Family,6.9,197291,tt6166392,787699,tm993076,https://www.imdb.com/title/tt6166392/
Movie,"Woodstock 99: Peace, Love, and Rage","Woodstock 99: Peace, Love, and Rage",2021,,110,Documentary; Music & Musical,7.1,8630,tt15004156,848562,tm1073248,https://www.imdb.com/title/tt15004156/
Movie,Wuthering Heights,Wuthering Heights,2026,,136,Drama; Romance,6.1,91788,tt32897959,1316092,tm1572650,https://www.imdb.com/title/tt32897959/
Movie,Year One: A Political Odyssey,Year One: A Political Odyssey,2022,,90,Documentary,5.3,369,tt22525694,1032973,tm1264087,https://www.imdb.com/title/tt22525694/
Movie,You Don't Know Jack,You Don't Know Jack,2010,,134,Documentary; Drama; History,7.2,47,tt1132623,977391,tm95501,https://www.imdb.com/title/tt1132623/
Movie,You Were My First Boyfriend,You Were My First Boyfriend,2024,,97,Documentary; Drama,5.9,210,tt11840016,1072905,tm1297217,https://www.imdb.com/title/tt11840016/
Movie,Yvonne Orji: A Whole Me,Yvonne Orji: A Whole Me,2022,,70,Comedy,6.2,190,tt16153074,1027639,tm1259804,https://www.imdb.com/title/tt16153074/
Movie,"Yvonne Orji: Momma, I Made It!","Yvonne Orji: Momma, I Made It!",2020,,65,Comedy; Documentary,7.1,377,tt11898670,701487,tm890816,https://www.imdb.com/title/tt11898670/
Series,100 Foot Wave,100 Foot Wave,2021,3,53,Documentary; Sport; Reality TV,8.1,3622,tt14126234,121481,ts282909,https://www.imdb.com/title/tt14126234/
Series,100 Years of Warner Bros.,100 Years of Warner Bros.,2023,1,58,Documentary; History,7.5,989,tt27729024,223249,ts386473,https://www.imdb.com/title/tt27729024/
Series,1000-lb Roomies,1000-lb Roomies,2025,2,49,Reality TV,5.6,168,tt36857388,291934,ts478871,https://www.imdb.com/title/tt36857388/
Series,1000-lb Sisters,1000-lb Sisters,2020,9,41,Reality TV,6.2,1908,tt11617414,98410,ts224540,https://www.imdb.com/title/tt11617414/
Series,2 Dope Queens,2 Dope Queens,2018,2,58,Comedy,6,763,tt7246394,75968,ts77618,https://www.imdb.com/title/tt7246394/
Series,4 Blocks,4 Blocks,2017,3,51,Crime; Drama; Made in Europe,8.1,11071,tt5754602,71641,ts57021,https://www.imdb.com/title/tt5754602/
Series,90 Day Diaries,90 Day Diaries,2021,8,43,Reality TV,4.9,206,tt13787288,114659,ts287318,https://www.imdb.com/title/tt13787288/
Series,90 Day Fiancé,90 Day Fiancé,2014,12,74,Romance; Reality TV,6.4,3276,tt3469050,61575,ts17260,https://www.imdb.com/title/tt3469050/
Series,90 Day Fiancé UK,90 Day Fiancé UK,2022,4,54,Reality TV,6.1,427,tt21034492,205154,ts360403,https://www.imdb.com/title/tt21034492/
Series,90 Day Fiancé: Before the 90 Days,90 Day Fiancé: Before the 90 Days,2017,8,82,Documentary; Reality TV,6.7,1877,tt7252812,73319,ts75006,https://www.imdb.com/title/tt7252812/
Series,90 Day Fiancé: Happily Ever After?,90 Day Fiancé: Happily Ever After?,2016,9,80,Reality TV,6.3,1287,tt6142940,67757,ts42181,https://www.imdb.com/title/tt6142940/
Series,90 Day Fiancé: The Other Way,90 Day Fiancé: The Other Way,2019,8,59,Documentary; Reality TV,6.7,1365,tt9170070,90046,ts287316,https://www.imdb.com/title/tt9170070/
Series,90 Day: The Last Resort,90 Day: The Last Resort,2023,3,53,Reality TV,5.7,480,tt28304310,230272,ts394747,https://www.imdb.com/title/tt28304310/
Series,90 Day: The Single Life,90 Day: The Single Life,2021,5,52,Drama; Reality TV,5.8,1136,tt13990474,118422,ts272657,https://www.imdb.com/title/tt13990474/
Series,A Black Lady Sketch Show,A Black Lady Sketch Show,2019,4,26,Comedy,7.5,4303,tt9698520,90877,ts102079,https://www.imdb.com/title/tt9698520/
Series,A Body in the Snow: The Trial of Karen Read,A Body in the Snow: The Trial of Karen Read,2025,1,41,Crime; Documentary,6.8,2043,tt35663090,285338,ts467911,https://www.imdb.com/title/tt35663090/
Series,A Decent Man,Porządny człowiek,2025,1,41,Crime; Drama; Mystery & Thriller,6.7,907,tt35745132,270443,ts450695,https://www.imdb.com/title/tt35745132/
Series,A Killer Among Friends,A Killer Among Friends,2025,2,41,Crime; Documentary,6.4,312,tt37522426,294219,ts485681,https://www.imdb.com/title/tt37522426/
Series,A Killer Story,A Killer Story,2026,1,40,Crime; Documentary,7.6,81,tt9280400,332910,ts549196,https://www.imdb.com/title/tt9280400/
Series,A Knight of the Seven Kingdoms,A Knight of the Seven Kingdoms,2026,1,35,Action & Adventure; Drama; Fantasy; Science-Fiction,8.6,284968,tt27497448,224372,ts386460,https://www.imdb.com/title/tt27497448/
Series,Adventure Time,Adventure Time,2010,10,12,Action & Adventure; Animation; Comedy; Fantasy; Kids & Family; Science-Fiction,8.7,136406,tt1305826,15260,ts10095,https://www.imdb.com/title/tt1305826/
Series,Adventure Time: Distant Lands,Adventure Time: Distant Lands,2020,1,47,Action & Adventure; Animation; Comedy; Drama; Fantasy; Kids & Family; Science-Fiction,8.6,10794,tt11165358,94810,ts229283,https://www.imdb.com/title/tt11165358/
Series,Adventure Time: Fionna and Cake,Adventure Time: Fionna and Cake,2023,2,24,Action & Adventure; Animation; Comedy; Drama; Fantasy; Science-Fiction,8.6,12488,tt15248880,131378,ts399728,https://www.imdb.com/title/tt15248880/
Series,Agents of Chaos,Agents of Chaos,2020,1,119,Documentary; History,7.4,1636,tt12967950,108154,ts252718,https://www.imdb.com/title/tt12967950/
Series,Allen v. Farrow,Allen v. Farrow,2021,1,64,Crime; Documentary,6.7,8334,tt13990468,118321,ts272567,https://www.imdb.com/title/tt13990468/
Series,American Monster,American Monster,2016,13,44,Crime; Documentary; Drama,7.4,1291,tt5784958,73320,ts75007,https://www.imdb.com/title/tt5784958/
Series,American Monster: Abuse of Power,American Monster: Abuse of Power,2025,1,43,Mystery & Thriller,,,,291863,ts479868,
Series,An Update on Our Family,An Update on Our Family,2025,1,46,Documentary; Drama,5.6,699,tt32157063,252174,ts429828,https://www.imdb.com/title/tt32157063/
Series,And Just Like That…,And Just Like That…,2021,3,40,Comedy; Drama; Romance,5.6,48637,tt13819960,116450,ts278961,https://www.imdb.com/title/tt13819960/
Series,Angel City,Angel City,2023,1,60,Documentary; Sport,6.8,270,tt27229094,223237,ts385610,https://www.imdb.com/title/tt27229094/
Series,Angels in America,Angels in America,2003,1,59,Drama; Fantasy; Romance; Science-Fiction,8.1,30153,tt0318997,11245,ts1936,https://www.imdb.com/title/tt0318997/
Series,Animals.,Animals.,2016,3,26,Animation; Comedy,7.3,4723,tt4953128,65228,ts38806,https://www.imdb.com/title/tt4953128/
Series,Ant Anstead Master Mechanic,Ant Anstead Master Mechanic,2019,2,27,Documentary; Reality TV,7.1,136,tt11122204,94564,ts222319,https://www.imdb.com/title/tt11122204/
Series,Ant Anstead: Born Mechanic,Ant Anstead: Born Mechanic,2024,3,46,Documentary; Reality TV,7.5,134,tt34384448,275200,ts455264,https://www.imdb.com/title/tt34384448/
Series,Apple & Onion,Apple & Onion,2018,3,10,Animation; Comedy; Kids & Family; Music & Musical,6.3,2312,tt8019790,78254,ts79875,https://www.imdb.com/title/tt8019790/
Series,At Home - Finland,Eristyksissä (At Home Finland),2020,1,14,Drama,4.6,31,tt14156640,106203,ts251410,https://www.imdb.com/title/tt14156640/
Series,At Home - Poland,W domu (Polska),2020,1,10,Drama,5.8,45,tt12611994,105815,ts251169,https://www.imdb.com/title/tt12611994/
Series,At Home - Spain,En casa,2020,1,27,Comedy; Drama,6.1,107,tt12151186,104453,ts238175,https://www.imdb.com/title/tt12151186/
Series,Autopsy,Autopsy,1994,2,49,Documentary,,,,15067,ts1656,
Series,Avenue 5,Avenue 5,2020,2,29,Comedy; Science-Fiction,6.7,25600,tt10234362,90811,ts186758,https://www.imdb.com/title/tt10234362/
Series,Baby Assassins Everyday!,ベイビーわるきゅーれ エブリデイ！,2024,1,24,Action & Adventure; Comedy; Drama,,,,254021,ts434318,
Series,Baby Lemmings,Bébés Lemmings,2026,1,7,Animation; Comedy; Kids & Family,7.9,13,tt43440828,323694,ts530256,https://www.imdb.com/title/tt43440828/
Series,Ballers,Ballers,2015,5,29,Comedy; Drama; Sport,7.6,78677,tt2891574,62704,ts35552,https://www.imdb.com/title/tt2891574/
Series,Band of Brothers,Band of Brothers,2001,1,59,Action & Adventure; Drama; History; War & Military,9.4,604479,tt0185906,4613,ts17149,https://www.imdb.com/title/tt0185906/
Series,Banksters,Banksters,2026,1,41,Drama,4.8,307,tt39379411,312073,ts516751,https://www.imdb.com/title/tt39379411/
Series,Banshee,Banshee,2013,4,51,Action & Adventure; Crime; Drama; Mystery & Thriller,8.4,151376,tt2017109,41727,ts13608,https://www.imdb.com/title/tt2017109/
Series,Barney's World,Barney's World,2024,1,10,Animation; Comedy; Fantasy; Kids & Family; Science-Fiction,3.8,183,tt26708692,226126,ts390517,https://www.imdb.com/title/tt26708692/
Series,Barry,Barry,2018,4,32,Action & Adventure; Comedy; Crime; Drama,8.3,145833,tt5348176,73107,ts74799,https://www.imdb.com/title/tt5348176/
Series,Battle of Culiacán: Heirs of the Cartel,Culiacanazo: Herederos del narco,2025,1,43,Crime; Documentary,6.8,137,tt37432439,286287,ts473536,https://www.imdb.com/title/tt37432439/
Series,Batwheels,Batwheels,2022,3,12,Action & Adventure; Animation; Comedy; Fantasy; Kids & Family; Science-Fiction,5.7,575,tt13292830,155780,ts257669,https://www.imdb.com/title/tt13292830/
Series,Baylen Out Loud,Baylen Out Loud,2025,3,42,Reality TV,7.4,1071,tt34881067,279644,ts460657,https://www.imdb.com/title/tt34881067/
Series,Ben 10,Ben 10,2005,4,25,Action & Adventure; Animation; Comedy; Kids & Family; Science-Fiction,7.6,37689,tt0760437,4686,ts10978,https://www.imdb.com/title/tt0760437/
Series,Ben 10,Ben 10,2016,5,12,Action & Adventure; Animation; Comedy; Crime; Documentary; Drama; Fantasy; Kids & Family; Mystery & Thriller; Science-Fiction,2.8,7924,tt6148376,68295,ts55614,https://www.imdb.com/title/tt6148376/
Series,Ben 10: Alien Force,Ben 10: Alien Force,2008,3,23,Action & Adventure; Animation; Crime; Fantasy; Kids & Family; Mystery & Thriller; Science-Fiction,7.6,19651,tt1192169,6040,ts10979,https://www.imdb.com/title/tt1192169/
Series,Bering Sea Gold,Bering Sea Gold,2012,19,50,Reality TV,6.7,1808,tt2182427,58704,ts7541,https://www.imdb.com/title/tt2182427/
Series,Betty,Betty,2020,2,28,Comedy; Drama; Sport,7.2,3134,tt10814438,95170,ts236745,https://www.imdb.com/title/tt10814438/
Series,Big Girls Wanted: Escaping Pearadise,Big Girls Wanted: Escaping Pearadise,2026,1,43,Crime; Documentary,5.2,291,tt42907659,324043,ts530663,https://www.imdb.com/title/tt42907659/
Series,Big Little Lies,Big Little Lies,2017,2,50,Crime; Drama,8.4,248149,tt3920596,66292,ts41275,https://www.imdb.com/title/tt3920596/
Series,Big Love,Big Love,2006,5,55,Drama,7.7,24787,tt0421030,4392,ts3707,https://www.imdb.com/title/tt0421030/
Series,Billy Joel: And So It Goes,Billy Joel: And So It Goes,2025,1,146,Documentary; Music & Musical,8.6,3352,tt36458116,287967,ts475323,https://www.imdb.com/title/tt36458116/
Series,Black and Missing,Black and Missing,2021,1,56,Crime; Documentary,6.9,327,tt15781474,137681,ts315522,https://www.imdb.com/title/tt15781474/
Series,Black Widows: Wh*res & Hustlers,Viudas negras: P*tas y chorras,2025,1,34,Comedy; Crime,7.4,1351,tt37025512,294972,ts480753,https://www.imdb.com/title/tt37025512/
Series,Blinded by the Lights,Ślepnąc od świateł,2018,1,60,Crime; Drama; Made in Europe,7.8,4885,tt6520930,82858,ts84394,https://www.imdb.com/title/tt6520930/
Series,Boardwalk Empire,Boardwalk Empire,2010,5,56,Crime; Drama,8.5,220185,tt0979432,1621,ts14772,https://www.imdb.com/title/tt0979432/
Series,Bodies in the Water,Bodies in the Water,2024,2,60,Crime; Documentary,6.7,91,tt32907596,257744,ts439697,https://www.imdb.com/title/tt32907596/
Series,Body Bizarre,Body Bizarre,2013,8,44,Documentary; Drama; Reality TV,7,137,tt4263818,67605,ts43946,https://www.imdb.com/title/tt4263818/
Series,Body Cam,Body Cam,2018,11,44,Documentary; Reality TV,8.1,840,tt9425082,91183,ts103168,https://www.imdb.com/title/tt9425082/
Series,Bookie,Bookie,2023,2,22,Comedy,7.5,7841,tt22485826,221486,ts383709,https://www.imdb.com/title/tt22485826/
Series,Boom Box: Beats and Betrayal,Boom Box: Beats and Betrayal,2026,1,45,Crime; Documentary,7.3,22,tt41877538,317607,ts526030,https://www.imdb.com/title/tt41877538/
Series,Border Control: Europe,Border Control: Europe,2020,1,21,Documentary; Reality TV,6.8,16,tt26419735,104563,ts269480,https://www.imdb.com/title/tt26419735/
Series,Border Control: Spain,Control de Fronteras: España,2016,11,21,Action & Adventure; Crime; Documentary; Reality TV,6.6,40,tt8006874,83959,ts85477,https://www.imdb.com/title/tt8006874/
Series,Border Control: Sweden,Gränsbevakarna Sverige,2022,8,39,Crime; Reality TV,7,115,tt29560214,210062,ts364877,https://www.imdb.com/title/tt29560214/
Series,Bored to Death,Bored to Death,2009,3,27,Comedy; Crime; Drama; Mystery & Thriller,7.8,36292,tt1255913,31078,ts6889,https://www.imdb.com/title/tt1255913/
Series,Born Evil: The Serial Killer and the Savior,Born Evil: The Serial Killer and the Savior,2024,1,43,Crime; Documentary,6.7,750,tt33081933,261449,ts442508,https://www.imdb.com/title/tt33081933/
Series,Boy Band Confidential: A Hollywood Demons Event,Boy Band Confidential: A Hollywood Demons Event,2026,1,120,Documentary,6.9,238,tt41046343,317875,ts526249,https://www.imdb.com/title/tt41046343/
Series,Branson,Branson,2022,1,63,Documentary,7.1,401,tt23865600,214719,ts372695,https://www.imdb.com/title/tt23865600/
Series,Breaking New Ground,Breaking New Ground,2024,1,44,Reality TV,7.7,61,tt32896259,257159,ts438592,https://www.imdb.com/title/tt32896259/
Series,"Breaking the Bank: One Trader, 50 Billion","Kerviel : Un trader, 50 milliards",2024,1,45,Crime; Documentary,7,215,tt34745910,277028,ts459052,https://www.imdb.com/title/tt34745910/
Series,Breath of Fire,Breath of Fire,2024,1,56,Crime; Documentary,6.7,851,tt16291356,223518,ts323834,https://www.imdb.com/title/tt16291356/
Series,Brené Brown: Atlas of the Heart,Brené Brown: Atlas of the Heart,2022,1,43,Documentary,7.9,328,tt15590294,157023,ts328458,https://www.imdb.com/title/tt15590294/
Series,Bring Back Alice,Bring Back Alice,2023,1,51,Crime; Drama; Mystery & Thriller,5.8,736,tt26732848,222892,ts381934,https://www.imdb.com/title/tt26732848/
Series,Bring Me the Beauties: A Model Cult,Bring Me the Beauties: A Model Cult,2026,1,58,Documentary,6.5,902,tt42835175,322974,ts529727,https://www.imdb.com/title/tt42835175/
Series,Bugs Bunny Builders,Bugs Bunny Builders,2022,2,11,Animation; Comedy; Kids & Family; Science-Fiction,6.4,197,tt21050232,203687,ts354522,https://www.imdb.com/title/tt21050232/
Series,Bugs Bunny Builders: Hard Hat Time,Bugs Bunny Builders: Hard Hat Time,2023,1,2,,8.1,16,tt27614022,283183,ts388672,https://www.imdb.com/title/tt27614022/
Series,Burning Bush,Hořící keř,2013,1,77,Drama; History; Mystery & Thriller; War & Military,7.8,1865,tt2280344,59149,ts17306,https://www.imdb.com/title/tt2280344/
Series,Camp Lazlo,Camp Lazlo,2005,5,18,Animation; Comedy; Kids & Family,7.4,37,tt0419315,557,ts2651,https://www.imdb.com/title/tt0419315/
Series,Candy Cruz,Candy Cruz,2023,1,29,Comedy,6.5,68,tt29277419,236537,ts405802,https://www.imdb.com/title/tt29277419/
Series,Carnivàle,Carnivàle,2003,2,52,Drama; Fantasy; Mystery & Thriller; Science-Fiction,8.4,49964,tt0319969,185,ts8782,https://www.imdb.com/title/tt0319969/
Series,Catch and Kill: The Podcast Tapes,Catch and Kill: The Podcast Tapes,2021,1,26,Documentary; Drama,7.2,879,tt14849236,127632,ts296148,https://www.imdb.com/title/tt14849236/
Series,Celtics City,Celtics City,2025,1,59,Documentary; Sport,8.3,1058,tt34555174,276553,ts456940,https://www.imdb.com/title/tt34555174/
Series,Charlie Hustle & the Matter of Pete Rose,Charlie Hustle & the Matter of Pete Rose,2024,1,53,Documentary; Sport,7.5,703,tt32881541,258919,ts440029,https://www.imdb.com/title/tt32881541/
Series,Charlotte's Web,Charlotte's Web,2025,1,50,Animation; Comedy; Drama; Fantasy; Kids & Family; Science-Fiction,7.1,220,tt18953896,205192,ts345702,https://www.imdb.com/title/tt18953896/
Series,Chernobyl,Chernobyl,2019,1,65,Drama; History; Mystery & Thriller,9.3,1064229,tt7366338,87108,ts88632,https://www.imdb.com/title/tt7366338/
Series,Chespirito: Not Really on Purpose,Chespirito: Sin querer queriendo,2025,1,45,Comedy; Drama,7.5,3840,tt34755671,279060,ts461675,https://www.imdb.com/title/tt34755671/
Series,Chillin Island,Chillin Island,2021,1,24,Comedy; Documentary; Reality TV,5.7,276,tt16433356,153309,ts320124,https://www.imdb.com/title/tt16433356/
Series,Chowder,Chowder,2007,3,18,Animation; Comedy; Fantasy; Kids & Family,6.2,8,tt1140100,9907,ts13696,https://www.imdb.com/title/tt1140100/
Series,Cidade de Deus: A Luta Não Para,Cidade de Deus: A Luta Não Para,2024,2,50,Crime; Drama,7.2,2129,tt27535062,223397,ts387548,https://www.imdb.com/title/tt27535062/
Series,Clarence,Clarence,2014,3,14,Animation; Comedy; Kids & Family,6.9,14550,tt3061050,50035,ts11963,https://www.imdb.com/title/tt3061050/
Series,Collision,Colisión,2026,1,42,Drama,4,24,tt38116565,331033,ts544569,https://www.imdb.com/title/tt38116565/
Series,Colosio: Political Assassination,Los asesinos de Colosio,2026,1,49,Crime; Documentary,6.4,73,tt40586075,316961,ts525270,https://www.imdb.com/title/tt40586075/
Series,Coming from America,Coming from America,2024,1,43,Reality TV,6.8,156,tt33296313,262446,ts445406,https://www.imdb.com/title/tt33296313/
Series,Common Side Effects,Common Side Effects,2025,2,23,Animation; Comedy; Drama; Mystery & Thriller; Science-Fiction,8.5,22099,tt28093628,228878,ts401055,https://www.imdb.com/title/tt28093628/
Series,Conan O'Brien Must Go,Conan O'Brien Must Go,2024,3,42,Comedy; Documentary,8.2,5723,tt27790101,226698,ts389372,https://www.imdb.com/title/tt27790101/
Series,Cow and Chicken,Cow and Chicken,1997,4,16,Animation; Comedy; Fantasy; Kids & Family,6.5,23439,tt0118289,3611,ts14628,https://www.imdb.com/title/tt0118289/
Series,Craig of the Creek,Craig of the Creek,2018,6,12,Action & Adventure; Animation; Comedy; Drama; Kids & Family,7.6,4668,tt7713450,79061,ts80656,https://www.imdb.com/title/tt7713450/
Series,Crashing,Crashing,2017,3,30,Comedy; Drama,7.6,9291,tt5037914,68898,ts54077,https://www.imdb.com/title/tt5037914/
Series,Crimes Gone Viral,Crimes Gone Viral,2020,5,21,Crime; Documentary,5,168,tt13117238,110558,ts254948,https://www.imdb.com/title/tt13117238/
Series,Cris Miró (Ella),Cris Miró (Ella),2024,1,22,Drama,6.6,268,tt32495809,256212,ts435119,https://www.imdb.com/title/tt32495809/
Series,Curb Your Enthusiasm,Curb Your Enthusiasm,2000,12,33,Comedy,8.8,168847,tt0264235,4546,ts9245,https://www.imdb.com/title/tt0264235/
Series,"Cóyotl, Hero and Beast","Cóyotl, héroe y bestia",2025,1,54,Action & Adventure; Drama; Fantasy; Science-Fiction,5.4,388,tt11897206,280043,ts235144,https://www.imdb.com/title/tt11897206/
Series,Da Ponte pra Lá,Da Ponte pra Lá,2024,1,40,Drama,4.8,138,tt26314200,218515,ts379073,https://www.imdb.com/title/tt26314200/
Series,Days That Shocked the World,Days That Shocked the World,2026,1,47,Documentary; History,6.7,9,tt40182966,309178,ts512870,https://www.imdb.com/title/tt40182966/
Series,Deadliest Mums & Dads,Deadliest Mums & Dads,2021,2,45,Crime; Documentary,6.9,105,tt16269820,202818,ts323695,https://www.imdb.com/title/tt16269820/
Series,Deadly Influence: The Social Media Murders,Deadly Influence: The Social Media Murders,2024,2,43,Crime; Documentary,6.4,621,tt32333081,255805,ts432409,https://www.imdb.com/title/tt32333081/
Series,Deep Revenge,ディープリベンジ-顔を捨てた家政婦-,2026,1,23,Drama; Mystery & Thriller,5,47,tt43693764,316205,ts524129,https://www.imdb.com/title/tt43693764/
Series,Dexter's Laboratory,Dexter's Laboratory,1996,4,16,Animation; Comedy; Fantasy; Kids & Family; Science-Fiction,7.8,58774,tt0115157,4229,ts6589,https://www.imdb.com/title/tt0115157/
Series,Divorce,Divorce,2016,3,30,Comedy; Drama; Romance,6,9,tt4304864,67280,ts42041,https://www.imdb.com/title/tt4304864/
Series,DMZ,DMZ,2022,1,59,Action & Adventure; Drama; Mystery & Thriller; Science-Fiction,5.5,4850,tt11057226,113566,ts282847,https://www.imdb.com/title/tt11057226/
Series,Dogu,Doğu,2021,4,37,Comedy; Drama,7.2,6452,tt14183052,122186,ts285917,https://www.imdb.com/title/tt14183052/
Series,Dolores: The Truth About the Wanninkhof Case,Dolores: La verdad sobre el caso Wanninkhof,2021,1,51,Crime; Documentary,7.4,454,tt15692434,137168,ts314732,https://www.imdb.com/title/tt15692434/
Series,Downey's Dream Cars,Downey's Dream Cars,2023,1,46,Documentary; Reality TV,6.4,458,tt20297790,224386,ts389404,https://www.imdb.com/title/tt20297790/
Series,DREAM STAGE,DREAM STAGE,2026,1,45,Drama,5.7,10,tt39373081,297730,ts512015,https://www.imdb.com/title/tt39373081/
Series,DTF St. Louis,DTF St. Louis,2026,1,51,Comedy; Drama; Mystery & Thriller,7.3,24335,tt34385331,206828,ts360501,https://www.imdb.com/title/tt34385331/
Series,Dune: Prophecy,Dune: Prophecy,2024,2,65,Action & Adventure; Drama; Science-Fiction,7.3,70412,tt10466872,90228,ts314377,https://www.imdb.com/title/tt10466872/
Series,Duster,Duster,2025,1,49,Crime; Drama; Mystery & Thriller,7.2,8646,tt12160826,113959,ts269101,https://www.imdb.com/title/tt12160826/
Series,Eastbound & Down,Eastbound & Down,2009,4,28,Comedy; Drama; Sport,8.2,71193,tt0866442,8624,ts2158,https://www.imdb.com/title/tt0866442/
Series,Ed Stafford: First Man Out,Ed Stafford: First Man Out,2019,3,43,Reality TV,7.9,467,tt9558734,86479,ts88008,https://www.imdb.com/title/tt9558734/
Series,Ed Stafford: Left For Dead,Ed Stafford: Left For Dead,2017,1,44,Action & Adventure; Documentary; Reality TV,8.3,24,tt8061216,79862,ts81458,https://www.imdb.com/title/tt8061216/
Series,"Ed, Edd n Eddy","Ed, Edd n Eddy",1999,6,17,Animation; Comedy; Kids & Family,7.4,43545,tt0184111,606,ts6190,https://www.imdb.com/title/tt0184111/
Series,Edge of the Earth,Edge of the Earth,2022,1,59,Action & Adventure; Documentary; Sport,7.3,558,tt12116498,204570,ts244377,https://www.imdb.com/title/tt12116498/
Series,El Pionero,El Pionero,2019,1,60,Documentary,7.2,739,tt10128334,90913,ts188097,https://www.imdb.com/title/tt10128334/
Series,Empire Falls,Empire Falls,2005,1,98,Drama; Romance,7.2,7021,tt0376591,14968,ts10470,https://www.imdb.com/title/tt0376591/
Series,Empire Under Fire,The Fall of Diddy,2025,1,38,Crime; Documentary,6.4,2473,tt35400412,281999,ts465948,https://www.imdb.com/title/tt35400412/
Series,Enlightened,Enlightened,2011,2,27,Comedy; Drama; Romance,7.5,11612,tt1509004,34594,ts14405,https://www.imdb.com/title/tt1509004/
Series,Entourage,Entourage,2004,8,28,Comedy; Drama,8.4,185396,tt0387199,1940,ts2024,https://www.imdb.com/title/tt0387199/
Series,Estonia - The Discovery That Changed History,Estonia - fyndet som ändrar allt,2020,2,45,Documentary; History,8.5,1871,tt13175494,110170,ts254583,https://www.imdb.com/title/tt13175494/
Series,Et monsters bekendelser,Et monsters bekendelser,2026,1,38,Crime; Documentary,7.2,42,tt43872010,331039,ts544079,https://www.imdb.com/title/tt43872010/
Series,Euphoria Special,Euphoria Special,2021,1,53,,,,,120235,ts302636,
Series,Evil Lives Here,Evil Lives Here,2016,19,44,Crime; Documentary,7.9,2797,tt5489746,70249,ts55320,https://www.imdb.com/title/tt5489746/
Series,Evil Lives Here: My Child the Killer,Evil Lives Here: My Child the Killer,2026,1,43,Crime; Documentary,6.4,197,tt40444386,315837,ts521354,https://www.imdb.com/title/tt40444386/
Series,Evil Lives Here: The Killer Speaks,Evil Lives Here: The Killer Speaks,2023,3,51,Crime; Documentary,7.1,261,tt29372006,236054,ts406520,https://www.imdb.com/title/tt29372006/
Series,Expecting Amy,Expecting Amy,2020,1,57,Comedy; Documentary,7.1,979,tt11188392,105282,ts238321,https://www.imdb.com/title/tt11188392/
Series,Expediente Vallecas,Expediente Vallecas,2025,1,54,Documentary,5.7,229,tt38760152,305107,ts500459,https://www.imdb.com/title/tt38760152/
Series,Expedition Files,Expedition Files,2024,4,42,Action & Adventure; Documentary; History,7.3,428,tt34237554,275106,ts453913,https://www.imdb.com/title/tt34237554/
Series,Expedition Unknown,Expedition Unknown,2015,17,45,Action & Adventure; Documentary; Reality TV,8.2,4736,tt4305162,61833,ts16860,https://www.imdb.com/title/tt4305162/
Series,Expedition Unknown: Hunt for Extraterrestrials,Expedition Unknown: Hunt for Extraterrestrials,2017,1,42,Documentary; Reality TV,7.7,347,tt6903244,78265,ts79879,https://www.imdb.com/title/tt6903244/
Series,Expedition Unknown: Hunt for the Yeti,Expedition Unknown: Hunt for the Yeti,2016,1,40,Documentary,,,,90213,ts467048,
Series,Expedition X,Expedition X,2020,12,43,Mystery & Thriller; Reality TV,6.7,1862,tt11774420,99363,ts225363,https://www.imdb.com/title/tt11774420/
Series,Exterminate All the Brutes,Exterminate All the Brutes,2021,1,59,Documentary; Drama; History,7.5,3379,tt8396314,117909,ts272273,https://www.imdb.com/title/tt8396314/
Series,Eyes on the Prize III: We Who Believe in Freedom Cannot Rest 1977-2015,Eyes on the Prize III: We Who Believe in Freedom Cannot Rest 1977-2015,2025,1,56,Documentary; History,9.1,900,tt0092999,282670,ts468315,https://www.imdb.com/title/tt0092999/
Series,Fallen Idols: Nick and Aaron Carter,Fallen Idols: Nick and Aaron Carter,2024,1,51,Documentary,6.1,900,tt32203228,252729,ts429658,https://www.imdb.com/title/tt32203228/
Series,Fantasmas,Fantasmas,2024,1,30,Comedy; Science-Fiction,7,2302,tt18182112,253254,ts434312,https://www.imdb.com/title/tt18182112/
Series,FBOY Island Spain,FBOY Island España,2023,1,56,Reality TV,5.9,110,tt26899877,202247,ts353468,https://www.imdb.com/title/tt26899877/
Series,Feride vs. the World,Feride,2025,1,22,Animation; Comedy,,,,304710,ts504061,
Series,Filthy Fortunes,Filthy Fortunes,2025,2,42,Reality TV,7,230,tt35747121,285267,ts469169,https://www.imdb.com/title/tt35747121/
Series,First Five,Viisi Valittua,2023,1,36,Documentary,5.7,232,tt27943492,226564,ts391503,https://www.imdb.com/title/tt27943492/
Series,Fit for a Killer,Morderca szyty na miarę,2026,1,48,Crime; Documentary,6.4,172,tt40029146,313228,ts521237,https://www.imdb.com/title/tt40029146/
Series,Five Days,Five Days,2007,2,58,Crime; Drama; Mystery & Thriller,6.5,4316,tt0840094,4170,ts13416,https://www.imdb.com/title/tt0840094/
Series,Flight of the Conchords,Flight of the Conchords,2007,2,27,Comedy; Music & Musical,8.5,70307,tt0863046,2742,ts16452,https://www.imdb.com/title/tt0863046/
Series,Foster's Home for Imaginary Friends,Foster's Home for Imaginary Friends,2004,6,24,Animation; Comedy; Fantasy; Kids & Family; Science-Fiction,7.5,27255,tt0419326,206243,ts5042,https://www.imdb.com/title/tt0419326/
Series,Friends,Friends,1994,10,23,Comedy; Romance,8.8,1207714,tt0108778,1668,ts21698,https://www.imdb.com/title/tt0108778/
Series,From the Earth to the Moon,From the Earth to the Moon,1998,1,53,Action & Adventure; Drama; History; Mystery & Thriller,8.5,14564,tt0120570,3556,ts22133,https://www.imdb.com/title/tt0120570/
Series,Full Circle,Full Circle,2023,1,49,Crime; Drama,6.3,8477,tt15303234,132016,ts306157,https://www.imdb.com/title/tt15303234/
Series,Funny or Die Presents,Funny or Die Presents,2010,3,26,Comedy,6.5,17,tt5360004,32656,ts21517,https://www.imdb.com/title/tt5360004/
Series,Game of Thrones,Game of Thrones,2011,8,58,Action & Adventure; Drama; Fantasy; Science-Fiction,9.2,2661859,tt0944947,1399,ts2,https://www.imdb.com/title/tt0944947/
Series,Game Theory with Bomani Jones,Game Theory with Bomani Jones,2022,2,30,Comedy; Sport,5.9,346,tt15575238,158330,ts315742,https://www.imdb.com/title/tt15575238/
Series,Gaming Wall St,Gaming Wall St,2022,1,57,Documentary,7.2,1000,tt18332840,158534,ts331418,https://www.imdb.com/title/tt18332840/
Series,Gang War Oslo,Brutalt Brorskap - Oslo,2026,1,38,Documentary,7.4,40,tt44923606,331239,ts544846,https://www.imdb.com/title/tt44923606/
Series,Gang War: Bandidos,Brutalt Broderskab: Bandidos,2026,1,42,Crime; Documentary; History,6.7,107,tt42773167,321211,ts529204,https://www.imdb.com/title/tt42773167/
Series,Gang War: Pusher Street,Kampen om Pusher Street,2025,1,41,Documentary,7.1,104,tt38754600,302657,ts500051,https://www.imdb.com/title/tt38754600/
Series,García!,¡García!,2022,1,57,Action & Adventure; Drama; Mystery & Thriller; Science-Fiction,5.9,1052,tt14599306,125118,ts289037,https://www.imdb.com/title/tt14599306/
Series,Generation Kill,Generation Kill,2008,1,67,Action & Adventure; Drama; War & Military,8.4,65634,tt0995832,17035,ts20599,https://www.imdb.com/title/tt0995832/
Series,Gentleman Jack,Gentleman Jack,2019,2,61,Drama; History; Romance,8.2,17892,tt7211618,86163,ts87692,https://www.imdb.com/title/tt7211618/
Series,George Carlin's American Dream,George Carlin's American Dream,2022,1,109,Comedy; Documentary,8.3,4603,tt12899886,201123,ts349497,https://www.imdb.com/title/tt12899886/
Series,George Harrison: Living in the Material World,George Harrison: Living in the Material World,2011,1,103,Documentary,,,,43107,ts51419,
Series,Get Millie Black,Get Millie Black,2024,1,48,Crime; Drama,6.6,2313,tt16369304,201646,ts320870,https://www.imdb.com/title/tt16369304/
Series,Getting On,Getting On,2013,3,28,Comedy,7.8,4488,tt2342652,57756,ts20095,https://www.imdb.com/title/tt2342652/
Series,Ghost Adventures,Ghost Adventures,2008,30,44,Documentary; History; Reality TV,7.2,10677,tt1319900,17937,ts20568,https://www.imdb.com/title/tt1319900/
Series,Girls,Girls,2012,6,29,Comedy; Drama,7.4,84100,tt1723816,42282,ts21041,https://www.imdb.com/title/tt1723816/
Series,Goat Girl,Goat Girl,2026,1,11,Animation; Comedy; Kids & Family,6.8,57,tt15614260,288018,ts490612,https://www.imdb.com/title/tt15614260/
Series,Gold Rush,Gold Rush,2010,17,46,Reality TV,7.3,6184,tt1800864,34634,ts22486,https://www.imdb.com/title/tt1800864/
Series,Gold Rush: Mine Rescue with Freddy & Juan,Gold Rush: Mine Rescue with Freddy & Juan,2021,6,49,Reality TV,8.2,632,tt13610512,115465,ts270366,https://www.imdb.com/title/tt13610512/
Series,Gold Rush: Parker's Trail,Gold Rush: Parker's Trail,2017,7,45,Reality TV,7,800,tt6639066,157270,ts57853,https://www.imdb.com/title/tt6639066/
Series,Gold Rush: White Water,Gold Rush: White Water,2018,9,45,Reality TV,6.7,1145,tt7749176,76506,ts78153,https://www.imdb.com/title/tt7749176/
Series,Gossip Girl,Gossip Girl,2021,2,56,Drama; Romance,5.4,16003,tt10653784,95249,ts288382,https://www.imdb.com/title/tt10653784/
Series,Grizzy & the Lemmings,Grizzy et les Lemmings,2016,4,9,Animation; Comedy; Kids & Family; Made in Europe,7.3,1568,tt6717058,74415,ts76079,https://www.imdb.com/title/tt6717058/
Series,"Haha, You Clowns","Haha, You Clowns",2025,1,11,Animation; Comedy; Drama,7.6,1273,tt38066553,256748,ts437605,https://www.imdb.com/title/tt38066553/
Series,Half Man,Half Man,2026,1,61,Drama,8,17746,tt32767294,257994,ts438726,https://www.imdb.com/title/tt32767294/
Series,Hard Knocks: Training Camp,Hard Knocks: Training Camp,2001,21,50,Documentary; Sport; Reality TV,8.3,3763,tt0446622,12940,ts319915,https://www.imdb.com/title/tt0446622/
Series,Harpoon Hunters,Harpoon Hunters,2025,1,44,Reality TV,6.4,66,tt35469209,282217,ts466588,https://www.imdb.com/title/tt35469209/
Series,Harry Potter: The Official Film Podcast,Harry Potter: The Official Film Podcast,2026,1,58,,,,tt43897731,321658,ts530118,https://www.imdb.com/title/tt43897731/
Series,Harry Potter: Wizards of Baking,Harry Potter: Wizards of Baking,2024,3,55,Reality TV,7.3,1609,tt32374361,254514,ts438507,https://www.imdb.com/title/tt32374361/
Series,Headless Chickens,Pollos sin cabeza,2023,1,27,Comedy; Drama; Sport,5.8,344,tt21867228,222322,ts384252,https://www.imdb.com/title/tt21867228/
Series,Heated Rivalry,Heated Rivalry,2025,1,49,Drama; Romance; Sport,8.7,114344,tt35495073,301507,ts502456,https://www.imdb.com/title/tt35495073/
Series,Heaven,Niebo,2025,1,43,Drama,6,589,tt39266137,304199,ts502995,https://www.imdb.com/title/tt39266137/
Series,Heaven's Gate: The Cult of Cults,Heaven's Gate: The Cult of Cults,2020,1,51,Crime; Documentary,7.2,3733,tt11210146,113678,ts268861,https://www.imdb.com/title/tt11210146/
Series,Hell on Earth: The Verónica Case,La mano en el fuego,2024,1,44,Crime; Documentary,7,40,tt32424300,254999,ts433681,https://www.imdb.com/title/tt32424300/
Series,Hello Ladies,Hello Ladies,2013,1,29,Comedy,7.4,14523,tt2378794,53300,ts32574,https://www.imdb.com/title/tt2378794/
Series,Hero Inside,Hero Inside,2023,2,14,Action & Adventure; Animation; Comedy,7.5,567,tt24165980,238841,ts375933,https://www.imdb.com/title/tt24165980/
Series,His Dark Materials,His Dark Materials,2019,3,54,Action & Adventure; Drama; Fantasy; Science-Fiction,7.7,95788,tt5607976,68507,ts74636,https://www.imdb.com/title/tt5607976/
Series,Hoffman Family Gold,Hoffman Family Gold,2022,3,42,Reality TV,6,396,tt14141684,195916,ts283354,https://www.imdb.com/title/tt14141684/
Series,Hollywood Demons,Hollywood Demons,2025,2,84,Crime; Documentary,6.5,903,tt36041664,286269,ts471639,https://www.imdb.com/title/tt36041664/
Series,Homestead Rescue,Homestead Rescue,2016,14,64,Drama; Kids & Family; Reality TV,8,1172,tt5938484,68975,ts74684,https://www.imdb.com/title/tt5938484/
Series,Homicide Hunter: American Detective,Homicide Hunter: American Detective,2021,6,43,Crime; Documentary,8.1,912,tt11595618,116106,ts270872,https://www.imdb.com/title/tt11595618/
Series,Horses & Hangmen,Hestepigen fra helvede,2025,1,41,Crime; Documentary; Drama,6,114,tt38367377,299462,ts494385,https://www.imdb.com/title/tt38367377/
Series,Hostages,Hostages,2022,1,57,Documentary; History,7.9,772,tt22074190,209728,ts366770,https://www.imdb.com/title/tt22074190/
Series,House of Hammer,House of Hammer,2022,1,56,Crime; Documentary,6.1,4504,tt14549716,207836,ts362947,https://www.imdb.com/title/tt14549716/
Series,House of Saddam,House of Saddam,2008,1,59,Drama; History; War & Military; Made in Europe,7.4,6127,tt0936453,7597,ts35687,https://www.imdb.com/title/tt0936453/
Series,House of the Dragon,House of the Dragon,2022,3,63,Action & Adventure; Drama; Fantasy; Romance; Science-Fiction,8.3,569267,tt11198330,94997,ts222558,https://www.imdb.com/title/tt11198330/
Series,House Of The Dragon: The House That Dragons Built,House Of The Dragon: The House That Dragons Built,2022,3,21,Documentary,8,413,tt26761151,217885,ts364530,https://www.imdb.com/title/tt26761151/
Series,How Do They Do It?,How Do They Do It?,2006,17,24,Documentary; Sport; Made in Europe; Reality TV,7.4,7,tt0862583,1292,ts20502,https://www.imdb.com/title/tt0862583/
Series,How the Universe Works,How the Universe Works,2010,11,45,Documentary,8.9,7739,tt1832668,33827,ts30326,https://www.imdb.com/title/tt1832668/
Series,How to Create a Sex Scandal,How to Create a Sex Scandal,2023,1,44,Action & Adventure; Animation; Comedy; Crime; Documentary; Drama,6.8,1404,tt27739528,226403,ts389373,https://www.imdb.com/title/tt27739528/
Series,How to Make It in America,How to Make It in America,2010,2,28,Comedy; Drama,7.9,17061,tt1299365,32023,ts21526,https://www.imdb.com/title/tt1299365/
Series,How to Screw It All Up,Cómo mandarlo todo a la mierda,2022,1,19,Drama,5.6,227,tt20252832,202246,ts353473,https://www.imdb.com/title/tt20252832/
Series,How To with John Wilson,How To with John Wilson,2020,3,28,Comedy; Documentary,8.7,17376,tt10801534,110971,ts255297,https://www.imdb.com/title/tt10801534/
Series,Hung,Hung,2009,3,29,Comedy; Drama,7.2,24490,tt1229413,18614,ts21140,https://www.imdb.com/title/tt1229413/
Series,I Am Not A Monster: The Lois Riess Murders,I Am Not A Monster: The Lois Riess Murders,2024,1,86,Crime; Documentary,6.2,858,tt33481557,272321,ts452389,https://www.imdb.com/title/tt33481557/
Series,I Know This Much Is True,I Know This Much Is True,2020,1,63,Drama,8.1,28226,tt0425118,88166,ts89675,https://www.imdb.com/title/tt0425118/
Series,I Love LA,I Love LA,2025,1,31,Comedy,6.7,13976,tt33362589,271053,ts447846,https://www.imdb.com/title/tt33362589/
Series,"I Love You, and It Hurts",Te quiero y me duele,2023,1,36,Drama,5.7,132,tt28642799,231505,ts397451,https://www.imdb.com/title/tt28642799/
Series,"I Love You, Now Die: The Commonwealth v. Michelle Carter","I Love You, Now Die: The Commonwealth v. Michelle Carter",2019,1,70,Crime; Documentary,7.4,9198,tt9614090,87518,ts89040,https://www.imdb.com/title/tt9614090/
Series,I May Destroy You,I May Destroy You,2020,1,31,Drama,8,28742,tt11204260,102619,ts236950,https://www.imdb.com/title/tt11204260/
Series,I'll Be Gone in the Dark,I'll Be Gone in the Dark,2020,1,58,Crime; Documentary,7.4,10266,tt8259114,103023,ts94864,https://www.imdb.com/title/tt8259114/
Series,Ignite,イグナイト –法の無法者–,2025,1,45,Crime,6.5,30,tt36596878,286089,ts473013,https://www.imdb.com/title/tt36596878/
Series,Ilk ve Son,Ilk ve Son,2021,3,63,Drama; Romance,8,4133,tt14753620,131906,ts297812,https://www.imdb.com/title/tt14753620/
Series,In the Eye of the Storm,In the Eye of the Storm,2024,4,42,Documentary; Drama; Reality TV,8.3,1026,tt33014623,258731,ts440417,https://www.imdb.com/title/tt33014623/
Series,In the Eye of the Storm: Chasers,In the Eye of the Storm: Chasers,2026,1,42,Documentary; Reality TV,7.7,184,tt40906144,321456,ts525448,https://www.imdb.com/title/tt40906144/
Series,In Treatment,In Treatment,2008,4,26,Drama,8.2,19522,tt0835434,14069,ts20445,https://www.imdb.com/title/tt0835434/
Series,Industry,Industry,2020,4,57,Drama; Mystery & Thriller,7.5,29088,tt7671070,90812,ts214743,https://www.imdb.com/title/tt7671070/
Series,Insecure,Insecure,2016,5,32,Comedy; Drama; Romance,8.1,25128,tt5024912,67883,ts46210,https://www.imdb.com/title/tt5024912/
Series,Inside the Heist,Inside the Heist,2022,1,48,Crime; Documentary,7.8,51,tt26676711,214627,ts372548,https://www.imdb.com/title/tt26676711/
Series,Inside the Kim Kardashian Heist,Inside the Kim Kardashian Heist,2025,1,44,Crime; Documentary,4,7,tt40404422,,ts521296,https://www.imdb.com/title/tt40404422/
Series,Interstellar Ella,Interstellar Ella,2022,1,11,Animation,7.2,40,tt26699362,212171,ts368830,https://www.imdb.com/title/tt26699362/
Series,Irina Rimes: On My Way,Irina Rimes: On My Way,2022,1,25,Documentary,7.7,76,tt20846282,204718,ts355730,https://www.imdb.com/title/tt20846282/
Series,Irma Vep,Irma Vep,2022,1,54,Comedy; Drama,6.7,7478,tt13649314,115626,ts270501,https://www.imdb.com/title/tt13649314/
Series,"It's Florida, Man.","It's Florida, Man.",2024,2,21,Comedy; Documentary; Drama,6.4,2437,tt33745056,273801,ts451444,https://www.imdb.com/title/tt33745056/
Series,IT: Welcome to Derry,IT: Welcome to Derry,2025,1,60,Drama; Fantasy; Horror; Mystery & Thriller,7.9,119071,tt19244304,200875,ts349164,https://www.imdb.com/title/tt19244304/
Series,Jack Osbourne's Buried Bloodlines,Jack Osbourne's Buried Bloodlines,2023,1,44,Documentary; Reality TV,6.7,37,tt31970919,238247,ts409638,https://www.imdb.com/title/tt31970919/
Series,Jade Armor,Jade Armor,2022,2,22,Action & Adventure; Animation; Comedy; Drama; Fantasy; Kids & Family,6.6,166,tt14396930,128023,ts292008,https://www.imdb.com/title/tt14396930/
Series,Jamie Vs Britney: The Father Daughter Trials,Jamie Vs Britney: The Father Daughter Trials,2022,1,47,Documentary,5.7,230,tt26459427,216629,ts374490,https://www.imdb.com/title/tt26459427/
Series,Jasmine,Jasmine,2025,1,30,Crime; Drama,4.9,1593,tt36584543,306355,ts507660,https://www.imdb.com/title/tt36584543/
Series,Jellystone!,Jellystone!,2021,3,13,Animation; Comedy; Kids & Family,6.5,987,tt11198220,128071,ts229578,https://www.imdb.com/title/tt11198220/
Series,Jerrod Carmichael Reality Show,Jerrod Carmichael Reality Show,2024,1,26,Comedy; Documentary; Reality TV,6.8,713,tt26571301,241071,ts380404,https://www.imdb.com/title/tt26571301/
Series,Jessica's Big Little World,Jessica's Big Little World,2023,1,11,Animation; Comedy; Fantasy; Kids & Family,6.2,183,tt14075028,203696,ts284136,https://www.imdb.com/title/tt14075028/
Series,Jett,Jett,2019,1,61,Crime; Drama; Mystery & Thriller,7.4,7070,tt8594276,84303,ts85815,https://www.imdb.com/title/tt8594276/
Series,John Adams,John Adams,2008,1,72,Drama; History,8.4,37379,tt0472027,15114,ts21884,https://www.imdb.com/title/tt0472027/
Series,John from Cincinnati,John from Cincinnati,2007,1,50,Drama; Fantasy; Science-Fiction,7,5213,tt0814164,1086,ts22311,https://www.imdb.com/title/tt0814164/
Series,Johnny vs Amber,Johnny vs Amber,2021,1,50,Documentary; Reality TV,4.3,1314,tt18094728,153170,ts319910,https://www.imdb.com/title/tt18094728/
Series,Joint Venture,Pico da Neblina,2019,2,54,Comedy; Crime; Drama,7.8,741,tt10756754,105935,ts217763,https://www.imdb.com/title/tt10756754/
Series,Julia,Julia,2022,2,46,Drama,8.3,14774,tt10975574,116761,ts271532,https://www.imdb.com/title/tt10975574/
Series,K-Everything: A CNN Original Series,K-Everything: A CNN Original Series,2026,1,44,Documentary,7.9,80,tt38973922,319048,ts527315,https://www.imdb.com/title/tt38973922/
Series,Ken and Barbie Killers: The Lost Murder Tapes,Ken and Barbie Killers: The Lost Murder Tapes,2021,1,53,Crime; Documentary,7.2,1657,tt16742878,153263,ts320125,https://www.imdb.com/title/tt16742878/
Series,King of Zanzibar,King of Zanzibar,2024,1,53,Crime; Documentary,6.6,165,tt32813639,257170,ts439180,https://www.imdb.com/title/tt32813639/
Series,Klara,Klara,2024,2,26,Comedy,6.2,140,tt27813193,233533,ts390736,https://www.imdb.com/title/tt27813193/
Series,Krypto Saves the Day!,Krypto Saves the Day!,2025,2,5,Action & Adventure; Animation; Comedy; Fantasy; Kids & Family; Science-Fiction,6.3,231,tt37899471,301025,ts492333,https://www.imdb.com/title/tt37899471/
Series,La Grande Maison Tokyo,グランメゾン東京,2019,1,54,Drama; Kids & Family,7.8,1515,tt10845290,95718,ts222446,https://www.imdb.com/title/tt10845290/
Series,La mente del poder,La mente del poder,2024,1,39,Drama; Mystery & Thriller,5.7,93,tt33708661,272393,ts451340,https://www.imdb.com/title/tt33708661/
Series,Lamput,Lamput,2017,4,3,Animation; Comedy,7.8,262,tt11958376,216585,ts235382,https://www.imdb.com/title/tt11958376/
Series,Lana Longbeard,Lana Longbeard,2024,1,11,Animation,8.2,83,tt29078926,236364,ts402654,https://www.imdb.com/title/tt29078926/
Series,Lanterns,Lanterns,2026,1,55,Action & Adventure; Crime; Drama; Mystery & Thriller; Science-Fiction,7.8,32412,tt26545992,95350,ts470663,https://www.imdb.com/title/tt26545992/
Series,Lanterns: The Official Podcast,Lanterns: The Official Podcast,2026,1,55,,,,,331555,ts546591,
Series,Last Call: When a Serial Killer Stalked Queer New York,Last Call: When a Serial Killer Stalked Queer New York,2023,1,54,Crime; Documentary,7.1,1079,tt28145016,229166,ts393063,https://www.imdb.com/title/tt28145016/
Series,LEGO DREAMZzz,LEGO DREAMZzz,2023,4,21,Action & Adventure; Animation; Comedy; Fantasy; Kids & Family; Science-Fiction,6.4,497,tt27613744,225320,ts387522,https://www.imdb.com/title/tt27613744/
Series,LEGO Ninjago: Dragons Rising,LEGO Ninjago: Dragons Rising,2023,4,22,Action & Adventure; Animation; Comedy; Fantasy; Kids & Family; Science-Fiction,7.9,2934,tt27502465,212989,ts369448,https://www.imdb.com/title/tt27502465/
Series,Lethally Blonde,Lethally Blonde,2024,2,42,Crime; Documentary,6.2,263,tt31556788,241513,ts415127,https://www.imdb.com/title/tt31556788/
Series,Level Playing Field,Level Playing Field,2021,1,26,Documentary; Sport,6.9,87,tt15437980,132639,ts309677,https://www.imdb.com/title/tt15437980/
Series,"Life, Larry and the Pursuit of Unhappiness: An Almost History of America","Life, Larry and the Pursuit of Unhappiness: An Almost History of America",2026,1,33,Comedy; History,6.6,5407,tt37543147,295780,ts487323,https://www.imdb.com/title/tt37543147/
Series,Lifestories: Families in Crisis,Lifestories: Families in Crisis,1992,1,30,Drama; Kids & Family; Mystery & Thriller,7.3,229,tt0139780,14247,ts27783,https://www.imdb.com/title/tt0139780/
Series,Light of My Lion,ライオンの隠れ家,2024,1,44,Drama; Kids & Family; Mystery & Thriller,8,681,tt33710504,271336,ts451354,https://www.imdb.com/title/tt33710504/
Series,Like Water for Chocolate,Como agua para chocolate,2024,2,51,Drama; Romance,7.4,2850,tt29258436,235635,ts405477,https://www.imdb.com/title/tt29258436/
Series,Looking,Looking,2014,2,28,Comedy; Drama; Romance,8.2,23885,tt2581458,57774,ts20255,https://www.imdb.com/title/tt2581458/
Series,Looney Tunes Cartoons,Looney Tunes Cartoons,2020,6,10,Animation; Comedy; Kids & Family; Mystery & Thriller,8,2525,tt8543208,102321,ts300471,https://www.imdb.com/title/tt8543208/
Series,Looney Tunes Presents: Sports Made Simple,Looney Tunes Presents: Sports Made Simple,2024,2,2,Animation,,,,255041,ts440368,
Series,Los Espookys,Los Espookys,2019,2,29,Comedy; Drama; Fantasy; Horror; Kids & Family,7.5,3150,tt7721046,87107,ts88633,https://www.imdb.com/title/tt7721046/
Series,Lost Women of Alaska,Lost Women of Alaska,2026,1,42,Crime; Documentary,6.9,178,tt40960311,313410,ts520586,https://www.imdb.com/title/tt40960311/
Series,Lost Women of Highway 20,Lost Women of Highway 20,2023,2,43,Crime; Documentary; Drama; Mystery & Thriller,6.8,803,tt27497479,238938,ts386457,https://www.imdb.com/title/tt27497479/
Series,Love & Death,Love & Death,2023,1,54,Crime; Drama; Mystery & Thriller,7.5,55520,tt14586350,124800,ts288230,https://www.imdb.com/title/tt14586350/
Series,Love Has Won,Love Has Won,2023,1,56,Documentary,7.2,4985,tt14832124,238179,ts298595,https://www.imdb.com/title/tt14832124/
Series,Love Is for the Dogs,初恋DOGs,2025,1,46,Drama; Romance,6.6,40,tt37503786,290788,ts482460,https://www.imdb.com/title/tt37503786/
Series,Lovecraft Country,Lovecraft Country,2020,1,61,Drama; Fantasy; Horror; Mystery & Thriller; Science-Fiction,7.1,51555,tt6905686,82816,ts84351,https://www.imdb.com/title/tt6905686/
Series,Low Country: The Murdaugh Dynasty,Low Country: The Murdaugh Dynasty,2022,1,50,Crime; Documentary,7.2,1959,tt22852656,212751,ts368973,https://www.imdb.com/title/tt22852656/
Series,Lu & the Bally Bunch,Lu & the Bally Bunch,2023,1,8,Animation,7,85,tt27302116,226057,ts385935,https://www.imdb.com/title/tt27302116/
Series,Lucas the Spider,Lucas the Spider,2017,3,13,Animation; Comedy; Kids & Family,8,354,tt9054228,153492,ts93125,https://www.imdb.com/title/tt9054228/
Series,Luck,Luck,2012,1,53,Drama; Sport,7.4,6600,tt1578887,32727,ts20654,https://www.imdb.com/title/tt1578887/
Series,Madam Beja,Dona Beja,2026,1,41,Drama,6,368,tt27542951,152401,ts51399,https://www.imdb.com/title/tt27542951/
Series,Malditos,Malditos,2025,1,45,Crime; Drama,5.4,193,tt36774488,249822,ts427559,https://www.imdb.com/title/tt36774488/
Series,Marcial Maciel: The Wolf of God,"Marcial Maciel, el lobo De Dios",2025,1,44,Crime; Documentary,7.8,684,tt36122460,297306,ts491081,https://www.imdb.com/title/tt36122460/
Series,Mare of Easttown,Mare of Easttown,2021,1,60,Crime; Drama; Mystery & Thriller,8.4,227456,tt10155688,115004,ts190845,https://www.imdb.com/title/tt10155688/
Series,Mariachis,Mariachis,2022,1,37,Comedy; Drama; Music & Musical,5.8,196,tt11651278,220009,ts226234,https://www.imdb.com/title/tt11651278/
Series,María Marta: The Country Club Crime,María Marta: el crimen del country,2022,1,40,Crime; Drama; Mystery & Thriller,6.4,380,tt21285810,203822,ts356263,https://www.imdb.com/title/tt21285810/
Series,McMillions,McMillions,2020,1,57,Crime; Documentary; Drama; History,7.2,10170,tt9148598,96213,ts105025,https://www.imdb.com/title/tt9148598/
Series,Mean Girl Murders,Mean Girl Murders,2023,3,45,Crime; Documentary,6.5,492,tt26742875,221121,ts382020,https://www.imdb.com/title/tt26742875/
Series,Meet the Batwheels,Meet the Batwheels,2022,1,7,Action & Adventure; Animation,5.9,69,tt23017430,307904,ts371338,https://www.imdb.com/title/tt23017430/
Series,Megan Thee Stallion vs Tory Lanez: Five Shots,Megan Thee Stallion vs Tory Lanez: Five Shots,2023,1,48,Documentary,,,,234110,ts402079,
Series,Mel Brooks: The 99 Year Old Man!,Mel Brooks: The 99 Year Old Man!,2026,1,109,Comedy; Documentary,8.2,1961,tt33035435,308112,ts511182,https://www.imdb.com/title/tt33035435/
Series,Menudo: Forever Young,Menudo: Forever Young,2022,1,43,Documentary; Music & Musical,7.6,265,tt19799468,198110,ts346893,https://www.imdb.com/title/tt19799468/
Series,Metalocalypse,Metalocalypse,2006,4,14,Animation; Comedy; Music & Musical,8.3,19267,tt0839188,653,ts20529,https://www.imdb.com/title/tt0839188/
Series,Mighty Truckers,Mighty Truckers,2019,3,44,Reality TV,7.9,9,tt32424541,136476,ts314270,https://www.imdb.com/title/tt32424541/
Series,Mildred Pierce,Mildred Pierce,2011,1,67,Crime; Drama,7.6,26501,tt1492030,39468,ts21324,https://www.imdb.com/title/tt1492030/
Series,MILF of Norway,MILF of Norway,2024,1,23,Comedy; Drama,6.2,708,tt32424747,251909,ts439963,https://www.imdb.com/title/tt32424747/
Series,Mind Over Murder,Mind Over Murder,2022,1,55,Crime; Documentary,7.2,2498,tt20782578,203282,ts354204,https://www.imdb.com/title/tt20782578/
Series,Mira: Life After Divorce,Mira: Her Şey Yolundaymış Gibi,2026,1,34,Drama,,,,316474,ts524538,
Series,Monsters of God,Monsters of God,2026,1,55,Crime; Documentary,7.3,693,tt39368539,311731,ts515365,https://www.imdb.com/title/tt39368539/
Series,Mosaic,Mosaic,2018,1,37,Crime; Drama; Mystery & Thriller,6.4,4047,tt5056958,75944,ts77594,https://www.imdb.com/title/tt5056958/
Series,Most Wanted: Teen Hacker,Most Wanted: Julius Kivimäki,2025,1,44,Crime; Documentary,5.9,413,tt37202552,293298,ts487801,https://www.imdb.com/title/tt37202552/
Series,Mr. Bean: The Animated Series,Mr. Bean: The Animated Series,2002,7,12,Animation; Comedy; Kids & Family; Made in Europe,6.9,14822,tt0280277,2530,ts24110,https://www.imdb.com/title/tt0280277/
Series,Mr. Mikami's Classroom,御上先生,2025,1,52,Drama,7.4,101,tt35477667,279044,ts461667,https://www.imdb.com/title/tt35477667/
Series,Mr. Pickles,Mr. Pickles,2014,4,11,Animation; Comedy; Horror,7.3,11561,tt2950342,61593,ts20367,https://www.imdb.com/title/tt2950342/
Series,"Murder in Boston: Roots, Rampage, and Reckoning","Murder in Boston: Roots, Rampage, and Reckoning",2023,1,53,Crime; Documentary; History,7.1,1272,tt29816747,238986,ts410480,https://www.imdb.com/title/tt29816747/
Series,Murder in Glitterball City,Murder in Glitterball City,2026,1,75,Crime; Documentary,6,717,tt39398776,312530,ts517312,https://www.imdb.com/title/tt39398776/
Series,Murder on Middle Beach,Murder on Middle Beach,2020,1,66,Crime; Documentary; Mystery & Thriller,7.4,5363,tt13263106,112111,ts256269,https://www.imdb.com/title/tt13263106/
Series,Mush-Mush & the Mushables,Mush-Mush & the Mushables,2020,2,12,Animation; Comedy; Fantasy; Kids & Family,7.9,113,tt14734616,122034,ts285781,https://www.imdb.com/title/tt14734616/
Series,My 600-lb Life,My 600-lb Life,2012,13,74,Reality TV,6.7,2534,tt2152112,294638,ts44522,https://www.imdb.com/title/tt2152112/
Series,My Adventures with Superman,My Adventures with Superman,2023,3,23,Action & Adventure; Animation; Comedy; Fantasy; Romance; Science-Fiction,7.6,10517,tt14681924,125928,ts287786,https://www.imdb.com/title/tt14681924/
Series,"My Ayrton, by Adriane Galisteu","Meu Ayrton, por Adriane Galisteu",2025,1,50,Documentary,7.4,266,tt4335524,304309,ts503252,https://www.imdb.com/title/tt4335524/
Series,My Magic Closet,Além do Guarda-Roupa,2023,1,37,Drama; Science-Fiction,6.5,262,tt28226395,228277,ts393223,https://www.imdb.com/title/tt28226395/
Series,Naked and Afraid,Naked and Afraid,2013,19,53,Horror; Reality TV,6.6,5711,tt3007640,58832,ts20891,https://www.imdb.com/title/tt3007640/
Series,Naked and Afraid XL,Naked and Afraid XL,2015,10,56,Reality TV,7.4,2243,tt4791250,63451,ts36742,https://www.imdb.com/title/tt4791250/
Series,Naked and Afraid: Last One Standing,Naked and Afraid: Last One Standing,2023,3,89,Reality TV,7.8,881,tt27462910,224857,ts386979,https://www.imdb.com/title/tt27462910/
Series,Naked and Marooned with Ed Stafford,Naked and Marooned with Ed Stafford,2013,1,44,Documentary; Made in Europe,8.1,1135,tt2701238,46837,ts3169,https://www.imdb.com/title/tt2701238/
Series,Naked.Loud.Proud.,Nago.Głośno.Dumnie,2023,1,36,Documentary,,,,227847,ts391426,
Series,NASA's Unexplained Files,NASA's Unexplained Files,2012,6,43,Documentary; Mystery & Thriller; Made in Europe,6.5,688,tt3952194,57478,ts20893,https://www.imdb.com/title/tt3952194/
Series,Navajo Police: Class 57,Navajo Police: Class 57,2023,1,58,Documentary,7.7,255,tt21357608,236250,ts362120,https://www.imdb.com/title/tt21357608/
Series,Neighbors,Neighbors,2026,1,33,Documentary; Reality TV,6.8,1488,tt39398809,312428,ts516836,https://www.imdb.com/title/tt39398809/
Series,Ninja Kamui,Ninja Kamui,2024,1,23,Action & Adventure; Animation; Crime; Drama; Mystery & Thriller; Science-Fiction,7,8656,tt28480255,202284,ts396462,https://www.imdb.com/title/tt28480255/
Series,Not So Pretty,Not So Pretty,2022,1,30,Documentary,6.9,492,tt13142526,197116,ts259441,https://www.imdb.com/title/tt13142526/
Series,Now or Never: FC Montfermeil,Maintenant ou Jamais : FC Montfermeil,2025,1,30,Documentary,5.2,7,tt37455758,292171,ts480425,https://www.imdb.com/title/tt37455758/
Series,Nuclear Family,Nuclear Family,2016,1,58,Documentary,7.2,525,tt15254840,132076,ts271031,https://www.imdb.com/title/tt15254840/
Series,NYC Epicenters 9/11➔2021½,NYC Epicenters 9/11➔2021½,2021,1,110,Documentary,7.3,870,tt14324128,131139,ts304558,https://www.imdb.com/title/tt14324128/
Series,Obama: In Pursuit of a More Perfect Union,Obama: In Pursuit of a More Perfect Union,2021,1,99,Documentary,6.7,1222,tt14734578,126423,ts288189,https://www.imdb.com/title/tt14734578/
Series,Obsession: The Murder of a Beauty Queen,Zabić Miss,2025,1,45,Crime; Documentary,7,160,tt39282612,303155,ts502954,https://www.imdb.com/title/tt39282612/
Series,OJ Unseen: Exploitation of Evil,OJ Unseen: Exploitation of Evil,2026,1,43,Crime; Documentary,5,135,tt43746863,330968,ts543482,https://www.imdb.com/title/tt43746863/
Series,Olive Kitteridge,Olive Kitteridge,2014,1,60,Drama,8.2,30320,tt3012698,61585,ts20287,https://www.imdb.com/title/tt3012698/
Series,On the Record with Bob Costas,On the Record with Bob Costas,2001,5,43,Sport,5.3,33,tt0283207,124207,ts46320,https://www.imdb.com/title/tt0283207/
Series,On the Roam,On the Roam,2024,2,43,Action & Adventure; Documentary; Reality TV,6.7,480,tt14675396,242945,ts295169,https://www.imdb.com/title/tt14675396/
Series,One Day in My Body,One Day in My Body,2026,1,42,Documentary; Reality TV,8,52,tt40210399,319855,ts520656,https://www.imdb.com/title/tt40210399/
Series,One Perfect Shot,One Perfect Shot,2022,1,24,Documentary; Reality TV,6,190,tt19026978,107120,ts251993,https://www.imdb.com/title/tt19026978/
Series,One South: Portrait of a Psych Unit,One South: Portrait of a Psych Unit,2024,1,82,Documentary,7.3,336,tt32267462,253314,ts438396,https://www.imdb.com/title/tt32267462/
Series,Opal Hunters: Red Dirt Road Trip,Opal Hunters: Red Dirt Road Trip,2022,2,44,Action & Adventure; Documentary; Reality TV,8.6,46,tt28037356,207765,ts362874,https://www.imdb.com/title/tt28037356/
Series,Operation Lost Boy,Operation Lost Boy,2023,1,41,Documentary,7.4,334,tt27047634,,ts383640,https://www.imdb.com/title/tt27047634/
Series,Our Flag Means Death,Our Flag Means Death,2022,2,29,Action & Adventure; Comedy; History; Romance,7.7,48176,tt11000902,109939,ts227727,https://www.imdb.com/title/tt11000902/
Series,Outback Opal Hunters,Outback Opal Hunters,2018,15,43,Documentary; Drama; Reality TV,7.1,380,tt8211564,77974,ts79598,https://www.imdb.com/title/tt8211564/
Series,Over the Garden Wall,Over the Garden Wall,2014,1,11,Animation; Comedy; Drama; Fantasy; Horror; Kids & Family; Music & Musical; Science-Fiction,8.7,92182,tt3718778,61617,ts20079,https://www.imdb.com/title/tt3718778/
Series,Painting With John,Painting With John,2021,3,22,Comedy; Documentary; Reality TV,7.7,971,tt13670374,114564,ts269640,https://www.imdb.com/title/tt13670374/
Series,Paradise Lost,Paradise Lost,2008,1,44,Drama,7.4,30,tt1201129,21950,ts25392,https://www.imdb.com/title/tt1201129/
Series,Pati,Pati,2023,2,41,Crime; Drama,7.2,333,tt27562193,225412,ts388270,https://www.imdb.com/title/tt27562193/
Series,Patria,Patria,2020,1,57,Crime; Drama; War & Military,8.2,7608,tt6625730,85964,ts87495,https://www.imdb.com/title/tt6625730/
Series,Paul American,Paul American,2025,1,44,Drama; Reality TV,2.8,1642,tt35635261,283393,ts467663,https://www.imdb.com/title/tt35635261/
Series,PAUSE with Sam Jay,PAUSE with Sam Jay,2021,2,27,,6,296,tt14695788,124851,ts287795,https://www.imdb.com/title/tt14695788/
Series,Pavyon,Pavyon,2019,3,30,Documentary,7.3,1142,tt10583308,91063,ts216422,https://www.imdb.com/title/tt10583308/
Series,Peacemaker,Peacemaker,2022,2,42,Action & Adventure; Comedy; Crime; Drama; Fantasy; Science-Fiction,8.3,139982,tt13146488,110492,ts254885,https://www.imdb.com/title/tt13146488/
Series,Pee-wee as Himself,Pee-wee as Himself,2025,1,101,Documentary,8.4,5209,tt14419140,277685,ts459647,https://www.imdb.com/title/tt14419140/
Series,People Magazine Investigates,People Magazine Investigates,2016,9,46,Crime; Documentary,7.6,1420,tt5594440,76458,ts78104,https://www.imdb.com/title/tt5594440/
Series,People Magazine Investigates: Surviving a Serial Killer,People Magazine Investigates: Surviving a Serial Killer,2024,2,42,Crime; Documentary,7.5,256,tt32283804,253242,ts431586,https://www.imdb.com/title/tt32283804/
Series,Perry Mason,Perry Mason,2020,2,57,Crime; Drama; History; Mystery & Thriller,7.6,31705,tt2077823,85853,ts87383,https://www.imdb.com/title/tt2077823/
Series,Phoenix Rising,Phoenix Rising,2022,1,78,Crime; Documentary,7.2,4118,tt17036612,158320,ts330312,https://www.imdb.com/title/tt17036612/
Series,Please Die My Beloved,夫よ、死んでくれないか,2025,1,38,Drama,6.5,36,tt36519675,287887,ts475875,https://www.imdb.com/title/tt36519675/
Series,Pobre diablo,Pobre diablo,2023,1,21,Animation; Comedy,6.5,666,tt15764846,195237,ts171230,https://www.imdb.com/title/tt15764846/
Series,Portobello,Portobello,2026,1,62,Crime; Drama; History,7.5,905,tt35663349,218557,ts378879,https://www.imdb.com/title/tt35663349/
Series,Prens,Prens,2023,3,47,Comedy; History,8.5,17037,tt14533970,228853,ts293558,https://www.imdb.com/title/tt14533970/
Series,President Curtis,President Curtis,2026,1,22,Animation; Comedy; Science-Fiction,7.2,2559,tt37692332,296756,ts489968,https://www.imdb.com/title/tt37692332/
Series,Pretty Little Liars: Original Sin,Pretty Little Liars: Original Sin,2022,2,50,Drama; Horror; Mystery & Thriller; Romance,7,10451,tt13075042,110531,ts254930,https://www.imdb.com/title/tt13075042/
Series,Primal,Primal,2019,3,22,Action & Adventure; Animation; Drama; Fantasy; Horror,8.6,30975,tt10332508,89456,ts90946,https://www.imdb.com/title/tt10332508/
Series,Privileges,Privilèges,2026,1,45,Drama; Mystery & Thriller,6.6,936,tt35677100,283853,ts468461,https://www.imdb.com/title/tt35677100/
Series,Project Greenlight,Project Greenlight,2001,4,37,Documentary; Reality TV,7.3,1025,tt0299368,9799,ts21652,https://www.imdb.com/title/tt0299368/
Series,Proud,Proud,2026,1,37,Drama,7.4,1600,tt41050785,315610,ts524924,https://www.imdb.com/title/tt41050785/
Series,Q: Into the Storm,Q: Into the Storm,2021,1,59,Documentary,7.5,6947,tt14215442,119761,ts282096,https://www.imdb.com/title/tt14215442/
Series,Quarry,Quarry,2016,1,59,Action & Adventure; Crime; Drama; Mystery & Thriller,8,15725,tt2980696,66911,ts41636,https://www.imdb.com/title/tt2980696/
Series,Quiet in Class,Tyst i klassen,2025,1,41,Crime; Documentary,6.4,234,tt38551559,301588,ts497506,https://www.imdb.com/title/tt38551559/
Series,Rage (Furia),Furia,2025,1,34,Comedy; Drama,6.8,1445,tt32327588,280880,ts465108,https://www.imdb.com/title/tt32327588/
Series,Rain Dogs,Rain Dogs,2023,1,28,Comedy; Drama,7,3990,tt19050000,216795,ts375134,https://www.imdb.com/title/tt19050000/
Series,Random Acts of Flyness,Random Acts of Flyness,2018,2,33,Comedy; Documentary; Drama; Fantasy; Science-Fiction,6.9,863,tt7942806,81749,ts83292,https://www.imdb.com/title/tt7942806/
Series,Rap Battlefield,Días de Gallos,2021,2,41,Drama; Music & Musical,5.6,152,tt15444212,133423,ts309567,https://www.imdb.com/title/tt15444212/
Series,Rap Sh!t,Rap Sh!t,2022,2,30,Comedy; Music & Musical,6.6,2700,tt11212198,155772,ts229724,https://www.imdb.com/title/tt11212198/
Series,Reformed,Le Sens des choses,2025,1,31,Drama,7.3,309,tt36217717,286960,ts473343,https://www.imdb.com/title/tt36217717/
Series,Regular Show,Regular Show,2010,8,12,Action & Adventure; Animation; Comedy; Drama; Fantasy; Mystery & Thriller; Science-Fiction,8.6,76739,tt1710308,31132,ts22225,https://www.imdb.com/title/tt1710308/
Series,Regular Show: The Lost Tapes,Regular Show: The Lost Tapes,2026,1,11,Action & Adventure; Animation; Comedy; Drama; Fantasy; Kids & Family; Science-Fiction,8.7,1842,tt32604054,256695,ts436968,https://www.imdb.com/title/tt32604054/
Series,Ren Faire,Ren Faire,2024,1,57,Documentary; Science-Fiction,6.8,2378,tt30835095,245929,ts275646,https://www.imdb.com/title/tt30835095/
Series,Rick and Morty,Rick and Morty,2013,9,22,Action & Adventure; Animation; Comedy; Science-Fiction,9,712207,tt2861424,60625,ts20233,https://www.imdb.com/title/tt2861424/
Series,Rick and Morty: The Anime,Rick and Morty: The Anime,2024,1,20,Animation; Comedy; Science-Fiction,3.1,3896,tt28466465,202282,ts353457,https://www.imdb.com/title/tt28466465/
Series,Rite of Passage,Rite of Passage,2017,1,48,Documentary,8.8,14,tt7801946,97680,ts114782,https://www.imdb.com/title/tt7801946/
Series,Robot Chicken,Robot Chicken,2005,11,11,Animation; Comedy; Science-Fiction,7.7,49223,tt0437745,709,ts22314,https://www.imdb.com/title/tt0437745/
Series,Rome,Rome,2005,2,54,Action & Adventure; Drama; Romance; War & Military; Made in Europe,8.7,207110,tt0384766,1891,ts22363,https://www.imdb.com/title/tt0384766/
Series,Room 104,Room 104,2017,4,25,Comedy; Drama; Fantasy; Horror; Mystery & Thriller; Science-Fiction,6.1,6649,tt6064882,72581,ts58115,https://www.imdb.com/title/tt6064882/
Series,Rooster,Rooster,2026,1,31,Comedy; Drama,7.6,22868,tt32420734,254953,ts440297,https://www.imdb.com/title/tt32420734/
Series,Rubiales Vs Hermoso: The World Cup Kiss,Rubiales Vs Hermoso: The World Cup Kiss,2025,1,50,Documentary,5.1,30,tt37535930,295144,ts485479,https://www.imdb.com/title/tt37535930/
Series,Ruby & Jodi: A Cult of Sin and Influence,Ruby & Jodi: A Cult of Sin and Influence,2025,1,42,Crime; Documentary,7,591,tt37721541,296962,ts490788,https://www.imdb.com/title/tt37721541/
Series,Salvage Hunters,Salvage Hunters,2011,20,44,Documentary; Reality TV,7.8,756,tt2223298,256900,ts27600,https://www.imdb.com/title/tt2223298/
Series,Samurai Jack,Samurai Jack,2001,5,23,Action & Adventure; Animation; Drama; Fantasy; Mystery & Thriller; Science-Fiction,8.5,67654,tt0278238,2723,ts21601,https://www.imdb.com/title/tt0278238/
Series,Saving the King,Salvar al Rey,2022,1,49,Documentary,7.2,575,tt22022560,209489,ts364508,https://www.imdb.com/title/tt22022560/
Series,Savior Complex,Savior Complex,2023,1,58,Crime; Documentary,6.8,965,tt28787850,233600,ts401023,https://www.imdb.com/title/tt28787850/
Series,Say Yes to the Dress: Benelux,Say Yes to the Dress: Benelux,2016,8,35,Reality TV,6.7,8,tt21287200,124347,ts361652,https://www.imdb.com/title/tt21287200/
Series,Scars of Beauty,Beleza Fatal,2025,1,52,Crime; Drama; Mystery & Thriller,7.8,1112,tt27526180,286059,ts331424,https://www.imdb.com/title/tt27526180/
Series,Scenes from a Marriage,Scenes from a Marriage,2021,1,59,Drama,8,34739,tt12682218,112077,ts265296,https://www.imdb.com/title/tt12682218/
Series,Scheda,Scheda,2025,1,41,Crime; Drama; Mystery & Thriller,6.2,392,tt37986748,276254,ts493287,https://www.imdb.com/title/tt37986748/
Series,Se busca millonario,Se busca millonario,2023,1,43,Documentary,5.9,91,tt28212266,230013,ts393551,https://www.imdb.com/title/tt28212266/
Series,Seen & Heard: The History of Black Television,Seen & Heard: The History of Black Television,2025,1,83,Documentary; History,7.1,24,tt38004042,299126,ts493554,https://www.imdb.com/title/tt38004042/
Series,Sex and the City,Sex and the City,1998,6,29,Comedy; Drama; Romance,7.4,162449,tt0159206,105,ts22060,https://www.imdb.com/title/tt0159206/
Series,Shaq,Shaq,2022,1,49,Documentary; Sport,7.7,2016,tt22876148,213083,ts369512,https://www.imdb.com/title/tt22876148/
Series,Sharp Objects,Sharp Objects,2018,1,55,Crime; Drama; Mystery & Thriller,8,123343,tt2649356,70453,ts55577,https://www.imdb.com/title/tt2649356/
Series,Shed & Buried,Shed & Buried,2015,8,22,Documentary; Reality TV,8.1,113,tt21034446,202974,ts353908,https://www.imdb.com/title/tt21034446/
Series,Sherri Papini: Caught in the Lie,Sherri Papini: Caught in the Lie,2025,1,42,Crime; Documentary,5.4,754,tt36759211,290418,ts481143,https://www.imdb.com/title/tt36759211/
Series,Show Me a Hero,Show Me a Hero,2015,1,60,Drama; History; War & Military,7.9,12934,tt2492296,63248,ts36418,https://www.imdb.com/title/tt2492296/
Series,Sierra Madre,Sierra Madre,2023,1,47,Crime; Drama,6,362,tt29277418,252376,ts405801,https://www.imdb.com/title/tt29277418/
Series,Signs of a Psychopath,Signs of a Psychopath,2020,11,29,Crime; Documentary,7.5,1298,tt13530014,108464,ts252972,https://www.imdb.com/title/tt13530014/
Series,Silicon Valley,Silicon Valley,2014,6,29,Comedy,8.5,184423,tt2575988,60573,ts20760,https://www.imdb.com/title/tt2575988/
Series,Sister Wives,Sister Wives,2010,21,42,Drama; Kids & Family; Reality TV,4.6,3343,tt1721666,34045,ts21493,https://www.imdb.com/title/tt1721666/
Series,Six Feet Under,Six Feet Under,2001,5,55,Comedy; Drama,8.7,170670,tt0248654,1274,ts21654,https://www.imdb.com/title/tt0248654/
Series,Six Is Not a Crowd,Felices los 6,2024,1,36,Comedy,,,,253344,ts430813,
Series,Skin Hunters,Łowcy skór,2024,1,40,Drama,6.7,150,tt33770507,273235,ts454937,https://www.imdb.com/title/tt33770507/
Series,Small Town News KPVM . Pahrump,Small Town News KPVM . Pahrump,2021,1,28,Documentary,6.7,304,tt14903810,128966,ts299270,https://www.imdb.com/title/tt14903810/
Series,Smiling Friends,Smiling Friends,2020,3,11,Animation; Comedy; Horror; Science-Fiction,8.5,32751,tt12074628,126506,ts288175,https://www.imdb.com/title/tt12074628/
Series,Sobrevivir al Paraíso: Más allá de los Testigos de Jehová,Sobrevivir al Paraíso: Más allá de los Testigos de Jehová,2026,1,47,Documentary,6.2,270,tt40030260,314541,ts520179,https://www.imdb.com/title/tt40030260/
Series,Somebody Somewhere,Somebody Somewhere,2022,3,27,Comedy; Drama,8.3,19275,tt12759100,106308,ts251470,https://www.imdb.com/title/tt12759100/
Series,Song of the Samurai,Song of the Samurai,2026,1,63,Action & Adventure; Drama,7.9,826,tt39387632,320340,ts506367,https://www.imdb.com/title/tt39387632/
Series,Spawn,Spawn,1997,3,27,Action & Adventure; Animation; Crime; Drama; Fantasy; Horror; Mystery & Thriller; Romance; Science-Fiction,8.1,10322,tt0118475,10331,ts21766,https://www.imdb.com/title/tt0118475/
Series,Speed Cops - Poser und Raser im Visier,Speed Cops – Poser und Raser im Visier,2023,3,50,Documentary,,,tt37602562,240199,ts412605,https://www.imdb.com/title/tt37602562/
Series,Spooked: Ireland,Spooked: Ireland,2023,1,44,Horror; Reality TV,5.9,153,tt28454427,236166,ts396265,https://www.imdb.com/title/tt28454427/
Series,Spy/Master,Spy/Master,2023,1,47,Action & Adventure; Drama; Mystery & Thriller,7.5,4992,tt22325698,219600,ts368622,https://www.imdb.com/title/tt22325698/
Series,State of Play,State of Play,2013,3,47,Documentary,6.9,83,tt3378080,77387,ts79014,https://www.imdb.com/title/tt3378080/
Series,Stax: Soulsville USA,Stax: Soulsville USA,2024,1,78,Documentary; Music & Musical,8.5,855,tt19891206,245901,ts420786,https://www.imdb.com/title/tt19891206/
Series,Steven Universe,Steven Universe,2013,6,11,Action & Adventure; Animation; Comedy; Drama; Fantasy; Kids & Family; Mystery & Thriller; Science-Fiction,8.1,45945,tt3061046,61175,ts20113,https://www.imdb.com/title/tt3061046/
Series,Steven Universe Future,Steven Universe Future,2019,1,11,Action & Adventure; Animation; Comedy; Drama; Fantasy; Kids & Family; Science-Fiction,7.7,7255,tt13714610,94280,ts282223,https://www.imdb.com/title/tt13714610/
Series,Strike,Strike,2017,7,59,Crime; Drama; Mystery & Thriller,7.9,33411,tt4276618,72748,ts58311,https://www.imdb.com/title/tt4276618/
Series,Stuart Fails to Save the Universe,Stuart Fails to Save the Universe,2026,2,20,Comedy; Fantasy; Science-Fiction,7.1,8967,tt27497393,287620,ts473465,https://www.imdb.com/title/tt27497393/
Series,Succession,Succession,2018,4,64,Comedy; Drama,8.8,367446,tt7660850,76331,ts77979,https://www.imdb.com/title/tt7660850/
Series,Summer Camp Island,Summer Camp Island,2018,6,11,Animation; Comedy; Fantasy; Kids & Family; Science-Fiction,7.8,2531,tt8146760,95613,ts83208,https://www.imdb.com/title/tt8146760/
Series,Super Sara,Súper Sara,2025,1,47,Documentary,6.8,85,tt36958827,278764,ts460916,https://www.imdb.com/title/tt36958827/
Series,Superpowered: The DC Story,Superpowered: The DC Story,2023,1,54,Documentary; History,7.2,647,tt15482680,229516,ts393118,https://www.imdb.com/title/tt15482680/
Series,Szadz,Szadz,2020,4,43,Crime; Drama,6.5,1488,tt11240572,99144,ts230018,https://www.imdb.com/title/tt11240572/
Series,Task,Task,2025,1,62,Crime; Drama; Mystery & Thriller,7.9,80186,tt28013708,228305,ts402399,https://www.imdb.com/title/tt28013708/
Series,Taylor Swift vs. Scooter Braun,Taylor Swift vs. Scooter Braun,2024,1,51,Crime; Documentary,5.8,673,tt32310438,253832,ts432035,https://www.imdb.com/title/tt32310438/
Series,Teen Titans Go!,Teen Titans Go!,2013,10,17,Action & Adventure; Animation; Comedy; Drama; Fantasy; Kids & Family; Science-Fiction; Sport,5.8,29681,tt2771780,45140,ts35726,https://www.imdb.com/title/tt2771780/
Series,Telemarketers,Telemarketers,2023,1,57,Documentary,7.3,5181,tt28498129,231396,ts397182,https://www.imdb.com/title/tt28498129/
Series,Tell Me You Love Me,Tell Me You Love Me,2007,1,51,Comedy; Drama; Kids & Family; Romance,4,9,tt0809497,15003,ts33574,https://www.imdb.com/title/tt0809497/
Series,The Amazing World of Gumball,The Amazing World of Gumball,2011,6,11,Animation; Comedy; Fantasy; Kids & Family; Music & Musical; Science-Fiction,8.4,55987,tt1942683,37606,ts9006,https://www.imdb.com/title/tt1942683/
Series,The Anarchists,The Anarchists,2022,1,51,Documentary,5.9,1123,tt21103642,204899,ts357520,https://www.imdb.com/title/tt21103642/
Series,The Baby,The Baby,2022,1,27,Comedy; Mystery & Thriller,,,,115915,ts270720,
Series,The Bad Skin Clinic,The Bad Skin Clinic,2019,8,44,Reality TV,,,,98927,ts224974,
Series,The Bakersfield 3: A Tale of Murder and Motherhood,The Bakersfield 3: A Tale of Murder and Motherhood,2025,1,42,Crime; Documentary; Mystery & Thriller,6.2,352,tt36926665,290260,ts479116,https://www.imdb.com/title/tt36926665/
Series,The Big Bang Theory,The Big Bang Theory,2007,12,20,Comedy; Romance,8.1,946339,tt0898266,1418,ts12,https://www.imdb.com/title/tt0898266/
Series,The Black Widower: The Six Wives of Thomas Randolph,The Black Widower: The Six Wives of Thomas Randolph,2024,1,54,Crime; Documentary,6.4,3219,tt32844085,257960,ts440416,https://www.imdb.com/title/tt32844085/
Series,The Bronze Garden,El jardín de bronce,2017,3,54,Crime; Drama; Horror; Mystery & Thriller,7.6,1943,tt7048386,71816,ts57223,https://www.imdb.com/title/tt7048386/
Series,The Chair Company,The Chair Company,2025,1,31,Comedy; Drama; Mystery & Thriller,7.3,19632,tt31987295,271267,ts449108,https://www.imdb.com/title/tt31987295/
Series,The Comeback,The Comeback,2005,3,31,Comedy; Drama,7.9,11280,tt0434672,1999,ts9653,https://www.imdb.com/title/tt0434672/
Series,The Confidante,Une amie dévouée,2024,1,51,Drama; Mystery & Thriller,6.5,515,tt32021861,224011,ts388958,https://www.imdb.com/title/tt32021861/
Series,The Convict,Skazana,2021,4,44,Crime; Drama,7.1,1387,tt14417144,122725,ts286398,https://www.imdb.com/title/tt14417144/
Series,The Crime of the Century,The Crime of the Century,2021,1,116,Crime; Documentary; Drama,8.1,5048,tt14055432,119142,ts289341,https://www.imdb.com/title/tt14055432/
Series,The Cult Behind the Killer: The Andrea Yates Story,The Cult Behind the Killer: The Andrea Yates Story,2026,1,42,Crime; Documentary,5.8,775,tt39151060,309810,ts513923,https://www.imdb.com/title/tt39151060/
Series,The Cult of the Real Housewife,The Cult of the Real Housewife,2026,1,42,Documentary; Reality TV,6.1,318,tt38937447,308098,ts505626,https://www.imdb.com/title/tt38937447/
Series,The Curious Case of Natalia Grace,The Curious Case of Natalia Grace,2023,3,42,Crime; Documentary,6.8,5438,tt27896931,226706,ts390552,https://www.imdb.com/title/tt27896931/
Series,The Curious Case of...,The Curious Case of...,2025,2,46,Crime; Documentary,5.2,735,tt34998832,279379,ts462174,https://www.imdb.com/title/tt34998832/
Series,The Dark Money Game,The Dark Money Game,2025,1,116,Documentary,7.5,545,tt36460546,288377,ts475404,https://www.imdb.com/title/tt36460546/
Series,The Dark Wizard,The Dark Wizard,2026,1,59,Action & Adventure; Documentary,8.6,3200,tt39656291,316527,ts525697,https://www.imdb.com/title/tt39656291/
Series,The Deuce,The Deuce,2017,3,65,Crime; Drama,8.1,36026,tt4998350,65817,ts42172,https://www.imdb.com/title/tt4998350/
Series,The Divorce,The Divorce,2015,1,39,Comedy; Documentary,6.2,38,tt5268940,64608,ts38496,https://www.imdb.com/title/tt5268940/
Series,The Eastern Gate,Przesmyk,2025,2,47,Action & Adventure; Drama; Mystery & Thriller; War & Military,7.1,1931,tt35503291,253370,ts434007,https://www.imdb.com/title/tt35503291/
Series,The Flight Attendant,The Flight Attendant,2020,2,45,Comedy; Drama; Mystery & Thriller,7,67665,tt7569576,93287,ts302787,https://www.imdb.com/title/tt7569576/
Series,The Forgotten Valley,Vale dos Esquecidos,2022,1,44,Drama,,,,209493,ts364489,
Series,The Franchise,The Franchise,2024,1,27,Comedy,6.5,6248,tt21614420,216619,ts363357,https://www.imdb.com/title/tt21614420/
Series,The Friday the 13th Murders,The Friday the 13th Murders,2025,1,42,Crime; Documentary,6.3,238,tt38348167,301147,ts495959,https://www.imdb.com/title/tt38348167/
Series,The Gilded Age,The Gilded Age,2022,4,56,Drama,8.1,54563,tt4406178,81723,ts83267,https://www.imdb.com/title/tt4406178/
Series,The Girl Before,The Girl Before,2021,1,56,Drama; Mystery & Thriller; Romance,6.6,5781,tt5232622,152365,ts280528,https://www.imdb.com/title/tt5232622/
Series,The Girls on the Bus,The Girls on the Bus,2024,1,44,Drama,6.7,2127,tt10970364,105532,ts221190,https://www.imdb.com/title/tt10970364/
Series,The Golden Boy,The Golden Boy,2023,1,78,Documentary; Sport,7.3,2395,tt28015177,228355,ts392384,https://www.imdb.com/title/tt28015177/
Series,The Graft,Kaosun Anatomisi,2025,1,52,Crime; Drama,6.4,639,tt36584526,300926,ts496682,https://www.imdb.com/title/tt36584526/
Series,The Grim Adventures of Billy and Mandy,The Grim Adventures of Billy and Mandy,2001,7,22,Animation; Comedy; Fantasy; Horror; Kids & Family,7.6,29521,tt0292800,897,ts22480,https://www.imdb.com/title/tt0292800/
Series,The Gumball Chronicles,The Gumball Chronicles,2020,1,11,Animation; Comedy,6.9,179,tt13980732,133529,ts281215,https://www.imdb.com/title/tt13980732/
Series,The Happos Family,The Happos Family,2016,2,3,Animation; Fantasy; Kids & Family,5.7,41,tt7636600,285985,ts116154,https://www.imdb.com/title/tt7636600/
Series,The Heroic Quest of the Valiant Prince Ivandoe,The Heroic Quest of the Valiant Prince Ivandoe,2022,5,11,Action & Adventure; Animation; Comedy; Fantasy; Kids & Family,7.2,349,tt8649544,75367,ts77012,https://www.imdb.com/title/tt8649544/
Series,The History of Curb Your Enthusiasm with Susie Essman and Jeff Garlin,,,3,46,,7.6,,tt23898932,,ts471209,https://www.imdb.com/title/tt23898932/
Series,The Idol,The Idol,2023,1,56,Drama; Music & Musical,4.4,117082,tt14954666,135251,ts312190,https://www.imdb.com/title/tt14954666/
Series,The Invisible Pilot,The Invisible Pilot,2022,1,56,Crime; Documentary; History,6.3,1213,tt15773254,195099,ts318051,https://www.imdb.com/title/tt15773254/
Series,The Jinx: The Life and Deaths of Robert Durst,The Jinx: The Life and Deaths of Robert Durst,2015,2,49,Crime; Documentary,8.6,59445,tt4299972,61929,ts21650,https://www.imdb.com/title/tt4299972/
Series,The Knick,The Knick,2014,2,54,Drama; History,8.4,57638,tt2937900,61014,ts20732,https://www.imdb.com/title/tt2937900/
Series,The Lady and the Dale,The Lady and the Dale,2021,1,56,Crime; Documentary,6.9,1562,tt12837188,116111,ts262860,https://www.imdb.com/title/tt12837188/
Series,The Last of Us,The Last of Us,2023,2,57,Action & Adventure; Drama; Horror; Mystery & Thriller; Science-Fiction,8.4,750059,tt3581920,100088,ts226904,https://www.imdb.com/title/tt3581920/
Series,The Last Woodsmen,The Last Woodsmen,2024,3,44,Reality TV,6.3,370,tt34153190,275223,ts453647,https://www.imdb.com/title/tt34153190/
Series,The Leftovers,The Leftovers,2014,3,58,Drama; Fantasy; Mystery & Thriller; Science-Fiction,8.3,134288,tt2699128,54344,ts20275,https://www.imdb.com/title/tt2699128/
Series,The Lives of Fèlix,Les vides del Fèlix,2023,1,34,Documentary,6.9,8,tt31494391,240236,ts412679,https://www.imdb.com/title/tt31494391/
Series,The Many Lives of Benjaman Kyle,The Many Lives of Benjaman Kyle,2026,1,81,Crime; Documentary,5.8,417,tt41978418,321598,ts529844,https://www.imdb.com/title/tt41978418/
Series,The Marvelous Misadventures of Flapjack,The Marvelous Misadventures of Flapjack,2008,3,21,Animation; Comedy; Fantasy; Horror; Kids & Family; Science-Fiction,7.8,18340,tt1178180,6673,ts25656,https://www.imdb.com/title/tt1178180/
Series,The Men Who Sold The World Cup,The Men Who Sold The World Cup,2021,1,54,Documentary,7.2,284,tt15657276,136855,ts314493,https://www.imdb.com/title/tt15657276/
Series,The Mortician,The Mortician,2025,1,56,Crime; Documentary,,,,291926,ts480180,
Series,The Murder of Actor Rafael Miguel,O Assassinato do Ator Rafael Miguel,2025,1,46,Crime; Documentary,7,146,tt37830384,293647,ts490191,https://www.imdb.com/title/tt37830384/
Series,The Murders at Starved Rock,The Murders at Starved Rock,2021,1,58,Crime; Documentary,6.6,1479,tt8045494,139086,ts320280,https://www.imdb.com/title/tt8045494/
Series,The Newsroom,The Newsroom,2012,3,57,Drama,8.6,136535,tt1870479,15621,ts21078,https://www.imdb.com/title/tt1870479/
Series,The Night Of,The Night Of,2016,1,65,Crime; Drama,8.4,176100,tt2401256,66276,ts38802,https://www.imdb.com/title/tt2401256/
Series,The Outsider,The Outsider,2020,1,57,Crime; Drama; Horror; Mystery & Thriller,7.6,119441,tt8550800,84661,ts86177,https://www.imdb.com/title/tt8550800/
Series,The Pacific,The Pacific,2010,1,54,Action & Adventure; Drama; History; War & Military,8.3,145729,tt0374463,16997,ts21440,https://www.imdb.com/title/tt0374463/
Series,The Palu Family: Under a Dark Spell,Palu Ailesi: Karanlık Sarmal,2026,1,53,Crime; Documentary,4.5,428,tt41634339,319804,ts529573,https://www.imdb.com/title/tt41634339/
Series,The Pandemic Prophet,Professeur Raoult vs le gang des Cerises,2026,1,42,Documentary,6.4,25,tt45658470,334465,ts551738,https://www.imdb.com/title/tt45658470/
Series,The Passion,The Passion,2008,1,39,Drama; History,6.7,668,tt1100959,14180,ts26029,https://www.imdb.com/title/tt1100959/
Series,The Penguin,The Penguin,2024,1,58,Crime; Drama; Fantasy,8.6,249303,tt15435876,194764,ts341776,https://www.imdb.com/title/tt15435876/
Series,The Pitt,The Pitt,2025,3,48,Drama,8.9,169705,tt31938062,250307,ts433871,https://www.imdb.com/title/tt31938062/
Series,The Pitt Podcast,The Pitt Podcast,2026,2,51,,,,,318508,ts526739,
Series,The Playboy Murders,The Playboy Murders,2023,3,43,Crime; Documentary,6.5,706,tt26672508,218982,ts381098,https://www.imdb.com/title/tt26672508/
Series,The Plot Against America,The Plot Against America,2020,1,62,Drama; Mystery & Thriller; Science-Fiction,7.3,12806,tt9308346,83870,ts53882,https://www.imdb.com/title/tt9308346/
Series,The Powerpuff Girls,The Powerpuff Girls,1998,6,20,Action & Adventure; Animation; Comedy; Fantasy; Kids & Family; Science-Fiction,7.3,53245,tt0175058,607,ts22135,https://www.imdb.com/title/tt0175058/
Series,The Powerpuff Girls,The Powerpuff Girls,2016,3,14,Action & Adventure; Animation; Comedy; Fantasy; Kids & Family; Science-Fiction,3.8,6092,tt4718304,66149,ts38716,https://www.imdb.com/title/tt4718304/
Series,The Price of Glee,The Price of Glee,2023,1,44,Documentary,5.6,725,tt26475026,218502,ts378873,https://www.imdb.com/title/tt26475026/
Series,The Producer,接招吧！製作人,2026,1,49,Drama,,,,201596,ts351951,
Series,The Regime,The Regime,2024,1,54,Comedy; Drama,6,15225,tt21375036,206829,ts362196,https://www.imdb.com/title/tt21375036/
Series,The Rehearsal,The Rehearsal,2022,2,35,Comedy; Documentary,8.5,38140,tt10802170,204284,ts359675,https://www.imdb.com/title/tt10802170/
Series,The Righteous Gemstones,The Righteous Gemstones,2019,4,38,Comedy; Drama,8.1,67281,tt8634332,82782,ts84322,https://www.imdb.com/title/tt8634332/
Series,The Rocky Mountain Mortician Murder,The Rocky Mountain Mortician Murder,2025,1,42,Crime; Documentary,6.4,455,tt38783285,304115,ts503001,https://www.imdb.com/title/tt38783285/
Series,The Seduction,Merteuil,2025,1,44,Drama; History,6.1,1428,tt32510765,255719,ts435385,https://www.imdb.com/title/tt32510765/
Series,The Sex Lives of College Girls,The Sex Lives of College Girls,2021,3,29,Comedy; Drama,7.7,35603,tt11212276,134373,ts229732,https://www.imdb.com/title/tt11212276/
Series,The Sex Slave,Sexslaven,2026,1,44,Crime; Documentary,5.3,191,tt44122962,331674,ts546720,https://www.imdb.com/title/tt44122962/
Series,The Shop,The Shop,2018,8,36,Comedy; Documentary,6.9,1173,tt6571704,101767,ts82747,https://www.imdb.com/title/tt6571704/
Series,The Sopranos,The Sopranos,1999,6,55,Crime; Drama,9.2,596049,tt0141842,1398,ts20995,https://www.imdb.com/title/tt0141842/
Series,The Staircase,The Staircase,2022,1,65,Crime; Drama; Mystery & Thriller,7.1,43640,tt11324406,122196,ts285915,https://www.imdb.com/title/tt11324406/
Series,The Sympathizer,The Sympathizer,2024,1,58,Comedy; Drama; History; Mystery & Thriller; War & Military,6.8,9803,tt14404618,129398,ts300406,https://www.imdb.com/title/tt14404618/
Series,The Synanon Fix,The Synanon Fix,2024,1,60,Crime; Documentary,6.9,676,tt21822256,241230,ts413669,https://www.imdb.com/title/tt21822256/
Series,The Thaw,Odwilż,2022,3,47,Crime; Drama,6.8,3949,tt11558684,99145,ts225228,https://www.imdb.com/title/tt11558684/
Series,The Third Day,The Third Day,2020,1,61,Drama; Horror; Mystery & Thriller; Science-Fiction,6.4,12995,tt10482370,90259,ts213221,https://www.imdb.com/title/tt10482370/
Series,The Topurias,Los Topuria,2026,1,47,Documentary,7.6,100,tt43294748,323979,ts530078,https://www.imdb.com/title/tt43294748/
Series,The Truth About Jim,The Truth About Jim,2024,1,47,Crime; Documentary,5,1137,tt31114733,245235,ts419465,https://www.imdb.com/title/tt31114733/
Series,The Undoing,The Undoing,2020,1,56,Crime; Drama; Mystery & Thriller,7.4,119257,tt8134470,83851,ts85699,https://www.imdb.com/title/tt8134470/
Series,The Vow,The Vow,2020,2,59,Crime; Documentary; Drama,7.2,7508,tt10222764,49920,ts39398,https://www.imdb.com/title/tt10222764/
Series,"The Way Down: God, Greed, and the Cult of Gwen Shamblin","The Way Down: God, Greed, and the Cult of Gwen Shamblin",2021,1,46,Crime; Documentary,7,4456,tt15286764,131561,ts305872,https://www.imdb.com/title/tt15286764/
Series,The Weight Of The Nation For Kids,The Weight Of The Nation For Kids,2012,1,30,Documentary,6.4,26,tt3071294,43108,ts35803,https://www.imdb.com/title/tt3071294/
Series,The White Lotus,The White Lotus,2021,3,62,Comedy; Drama,8,334148,tt13406094,111803,ts256052,https://www.imdb.com/title/tt13406094/
Series,The Wire,The Wire,2002,5,59,Crime; Drama; Mystery & Thriller,9.3,439089,tt0306414,1438,ts22047,https://www.imdb.com/title/tt0306414/
Series,The Wonderfully Weird World of Gumball,The Wonderfully Weird World of Gumball,2025,2,11,Animation; Comedy; Fantasy; Kids & Family; Science-Fiction,8.5,4930,tt36985473,291904,ts483027,https://www.imdb.com/title/tt36985473/
Series,The Yogurt Shop Murders,The Yogurt Shop Murders,2025,1,68,Crime; Documentary,6.1,2397,tt35676401,277831,ts460322,https://www.imdb.com/title/tt35676401/
Series,Then You Run,Then You Run,2023,1,45,Crime; Drama; Mystery & Thriller,6,688,tt15614668,155495,ts315928,https://www.imdb.com/title/tt15614668/
Series,This Is Luna,No Mundo da Luna,2022,1,30,Comedy; Drama; Romance,7.2,89,tt18553812,156811,ts328284,https://www.imdb.com/title/tt18553812/
Series,This Town,This Town,2024,1,58,Drama,7.4,2334,tt23805744,215253,ts373376,https://www.imdb.com/title/tt23805744/
Series,Tiger,Tiger,2020,1,90,Documentary; Sport,6.3,7,tt12688688,116455,ts260121,https://www.imdb.com/title/tt12688688/
Series,Tiny Toons Looniversity,Tiny Toons Looniversity,2023,3,25,Animation; Comedy; Kids & Family; Music & Musical; Romance; Science-Fiction,6.3,685,tt13362852,155779,ts273710,https://www.imdb.com/title/tt13362852/
Series,Togetherness,Togetherness,2015,2,27,Comedy; Drama; Romance,7.4,10338,tt3061830,61637,ts21887,https://www.imdb.com/title/tt3061830/
Series,Tom and Jerry in New York,Tom and Jerry in New York,2021,2,13,Animation; Comedy; Kids & Family,6.9,506,tt14833766,127445,ts296257,https://www.imdb.com/title/tt14833766/
Series,Totally Spies!,Totally Spies !,2002,8,22,Action & Adventure; Animation; Comedy; Crime; Fantasy; Kids & Family; Mystery & Thriller; Science-Fiction; Made in Europe,7.1,14523,tt0283226,2808,ts21615,https://www.imdb.com/title/tt0283226/
Series,Toxic,Toxic,2025,1,42,Crime; Documentary; Reality TV,6.9,295,tt36495586,289196,ts475611,https://www.imdb.com/title/tt36495586/
Series,Trackers,Trackers,2019,1,60,Action & Adventure; Crime; Drama; Mystery & Thriller,6.5,1598,tt9074360,94923,ts106671,https://www.imdb.com/title/tt9074360/
Series,Treme,Treme,2010,4,62,Drama; Music & Musical,8.3,17123,tt1279972,17967,ts22473,https://www.imdb.com/title/tt1279972/
Series,True Blood,True Blood,2008,7,54,Drama; Fantasy; Mystery & Thriller; Romance; Science-Fiction,7.9,272954,tt0844441,10545,ts20566,https://www.imdb.com/title/tt0844441/
Series,True Detective,True Detective,2014,5,61,Crime; Drama; Mystery & Thriller,8.8,769973,tt2356777,46648,ts20054,https://www.imdb.com/title/tt2356777/
Series,Tsunami: The Aftermath,Tsunami: The Aftermath,2006,1,59,Drama; Mystery & Thriller,6.1,384,tt0758789,13238,ts21169,https://www.imdb.com/title/tt0758789/
Series,U.S. Against the World: Four Years with the Men's National Soccer Team,U.S. Against the World: Four Years with the Men's National Soccer Team,2026,1,60,Documentary; Sport,7.2,237,tt41338263,318449,ts526769,https://www.imdb.com/title/tt41338263/
Series,Ultras: Passion and Death,Ultras. Pasión y Muerte,2026,1,44,Documentary; Sport,6.5,49,tt43656802,325858,ts531811,https://www.imdb.com/title/tt43656802/
Series,Uncle Grandpa,Uncle Grandpa,2013,5,14,Animation; Comedy; Fantasy; Kids & Family; Science-Fiction,4.7,8993,tt3042608,47035,ts20246,https://www.imdb.com/title/tt3042608/
Series,Undercurrent: The Disappearance of Kim Wall,Undercurrent: The Disappearance of Kim Wall,2022,1,62,Documentary,,,,158787,ts341605,
Series,Unexpected,Unexpected,2017,7,44,Kids & Family; Reality TV,5.2,360,tt7789780,75035,ts76692,https://www.imdb.com/title/tt7789780/
Series,Unprecedented,Unprecedented,2022,1,41,Comedy; Documentary; Drama,6.3,51,tt21194026,205488,ts331072,https://www.imdb.com/title/tt21194026/
Series,Until I Destroyed My Husband's Other Family,夫の家庭を壊すまで,2024,1,38,Drama; Mystery & Thriller; Romance,6.4,122,tt32874364,256380,ts436483,https://www.imdb.com/title/tt32874364/
Series,Unveiled: Surviving La Luz del Mundo,Unveiled: Surviving La Luz del Mundo,2022,1,67,Crime; Documentary,7.4,379,tt23667804,214509,ts372841,https://www.imdb.com/title/tt23667804/
Series,Veep,Veep,2012,7,29,Comedy; War & Military,8.4,72744,tt1759761,2947,ts20425,https://www.imdb.com/title/tt1759761/
Series,Vgly,Vgly,2023,2,30,Comedy; Drama,6.9,553,tt21304664,226241,ts361749,https://www.imdb.com/title/tt21304664/
Series,Vice Principals,Vice Principals,2016,2,31,Comedy,8,39552,tt3766376,65150,ts38803,https://www.imdb.com/title/tt3766376/
Series,Vitals,Vitals,2021,1,58,Documentary,7.8,132,tt13841776,118099,ts272415,https://www.imdb.com/title/tt13841776/
Series,Vivant,VIVANT,2023,3,58,Drama,7,952,tt28314144,218038,ts378409,https://www.imdb.com/title/tt28314144/
Series,Warrior,Warrior,2019,3,53,Action & Adventure; Crime; Drama; History; Western,8.4,54360,tt5743796,73544,ts75230,https://www.imdb.com/title/tt5743796/
Series,Watchmen,Watchmen,2019,1,59,Crime; Drama; Mystery & Thriller; Science-Fiction,8.2,148283,tt7049682,79788,ts81384,https://www.imdb.com/title/tt7049682/
Series,We Baby Bears,We Baby Bears,2022,3,12,Animation; Comedy; Fantasy; Kids & Family,5.7,954,tt13303478,117030,ts271614,https://www.imdb.com/title/tt13303478/
Series,We Bare Bears,We Bare Bears,2015,4,13,Animation; Comedy; Fantasy; Kids & Family,7.8,23269,tt4839610,63401,ts36687,https://www.imdb.com/title/tt4839610/
Series,We Own This City,We Own This City,2022,1,60,Crime; Drama,7.6,33741,tt14192504,125949,ts287833,https://www.imdb.com/title/tt14192504/
Series,We're Here,We're Here,2020,4,59,Reality TV,8.2,3464,tt11285856,95791,ts223027,https://www.imdb.com/title/tt11285856/
Series,Welcome to Plathville,Welcome to Plathville,2019,8,44,Kids & Family; Reality TV,5.6,899,tt11399498,95574,ts222902,https://www.imdb.com/title/tt11399498/
Series,What Am I Eating? with Zooey Deschanel,What Am I Eating? with Zooey Deschanel,2023,1,22,Documentary; Kids & Family; Reality TV,6.2,172,tt23902454,225866,ts375596,https://www.imdb.com/title/tt23902454/
Series,"What Happened, Brittany Murphy?","What Happened, Brittany Murphy?",2021,1,57,Crime; Documentary,6.5,3564,tt14396056,131875,ts306096,https://www.imdb.com/title/tt14396056/
Series,What's My Name | Muhammad Ali,What's My Name | Muhammad Ali,2019,1,81,Documentary; Sport,8.4,2721,tt6328046,87148,ts88675,https://www.imdb.com/title/tt6328046/
Series,Wheeler Dealers,Wheeler Dealers,2003,24,39,Documentary; Made in Europe; Reality TV,8.2,3811,tt1549918,10710,ts35948,https://www.imdb.com/title/tt1549918/
Series,Wheeler Dealers: Dream Car,Wheeler Dealers: Dream Car,2020,2,49,Reality TV,7.3,78,tt21214460,97414,ts386370,https://www.imdb.com/title/tt21214460/
Series,Wheeler Dealers: World Tour,Wheeler Dealers: World Tour,2024,2,43,Documentary; Reality TV,7,110,tt32245188,252628,ts437345,https://www.imdb.com/title/tt32245188/
Series,When No One Sees Us,Cuando nadie nos ve,2025,1,39,Crime; Drama; Mystery & Thriller,6.2,1718,tt28229356,229513,ts393113,https://www.imdb.com/title/tt28229356/
Series,White House Plumbers,White House Plumbers,2023,1,54,Drama; History,6.8,12857,tt11468254,96237,ts223274,https://www.imdb.com/title/tt11468254/
Series,Who Killed Our Daughter?,Debanhi: ¿Quién mató a nuestra hija?,2025,1,44,Crime; Documentary,4.5,24,tt38359689,300957,ts496231,https://www.imdb.com/title/tt38359689/
Series,Who Saw the Peacock Dance in the Jungle?,クジャクのダンス、誰が見た？,2025,1,44,Crime; Drama; Mystery & Thriller,6.9,444,tt35474036,275998,ts456348,https://www.imdb.com/title/tt35474036/
Series,Winning Time: The Rise of the Lakers Dynasty,Winning Time: The Rise of the Lakers Dynasty,2022,2,55,Comedy; Drama; Sport,8.3,32772,tt10244600,124067,ts227241,https://www.imdb.com/title/tt10244600/
Series,Wise Guy: David Chase and the Sopranos,Wise Guy: David Chase and the Sopranos,2024,1,79,Documentary,8.2,4267,tt32254668,260843,ts446248,https://www.imdb.com/title/tt32254668/
Series,Women's Hell,Piekło kobiet,2026,1,47,Crime; Drama; Mystery & Thriller,5.7,203,tt40444881,286702,ts522473,https://www.imdb.com/title/tt40444881/
Series,X-Rated Queen,Lady Love,2024,1,45,Drama,6,578,tt34054959,255548,ts459735,https://www.imdb.com/title/tt34054959/
Series,Yeoshingangrim,Yeoshingangrim,2020,1,75,Comedy; Drama; Romance,7.9,26741,tt13274038,112888,ts268266,https://www.imdb.com/title/tt13274038/
Series,Ângela Diniz: Murdered and Convicted,Ângela Diniz: Assassinada e Condenada,2025,1,45,Crime; Drama,7.2,520,tt32236037,260637,ts443327,https://www.imdb.com/title/tt32236037/
